Record Length,2.500000e+03,,  -0.000000260000,  -0.00040,
Sample Interval,1.000000e-09,,  -0.000000259000,  -0.00040,
Trigger Point,2.600000000000e+02,,  -0.000000258000,  -0.00040,
,,,  -0.000000257000,  -0.00040,
,,,  -0.000000256000,  -0.00040,
,,,  -0.000000255000,  -0.00040,
Source,CH1,,  -0.000000254000,  -0.00040,
Vertical Units,V,,  -0.000000253000,  -0.00040,
Vertical Scale,1.000000e-02,,  -0.000000252000,   0.00000,
Vertical Offset,-3.560000e-02,,  -0.000000251000,  -0.00040,
Horizontal Units,s,,  -0.000000250000,  -0.00040,
Horizontal Scale,2.500000e-07,,  -0.000000249000,  -0.00040,
Pt Fmt,Y,,  -0.000000248000,  -0.00040,
Yzero,0.000000e+00,,  -0.000000247000,  -0.00040,
Probe Atten,1.000000e+00,,  -0.000000246000,  -0.00040,
Model Number,TDS2001C,,  -0.000000245000,  -0.00040,
Serial Number,C040529,,  -0.000000244000,  -0.00040,
Firmware Version,FV:v24.26,,  -0.000000243000,  -0.00040,
,,,-00.000000242000,  -0.00040,
,,,-00.000000241000,  -0.00040,
,,,-00.000000240000,  -0.00040,
,,,-00.000000239000,  -0.00040,
,,,-00.000000238000,  -0.00040,
,,,-00.000000237000,  -0.00040,
,,,-00.000000236000,  -0.00040,
,,,-00.000000235000,  -0.00040,
,,,-00.000000234000,  -0.00040,
,,,-00.000000233000,  -0.00040,
,,,-00.000000232000,  -0.00040,
,,,-00.000000231000,  -0.00040,
,,,-00.000000230000,  -0.00040,
,,,-00.000000229000,  -0.00040,
,,,-00.000000228000,  -0.00040,
,,,-00.000000227000,  -0.00040,
,,,-00.000000226000,  -0.00040,
,,,-00.000000225000,  -0.00040,
,,,-00.000000224000,  -0.00040,
,,,-00.000000223000,  -0.00040,
,,,-00.000000222000,  -0.00040,
,,,-00.000000221000,  -0.00040,
,,,-00.000000220000,  -0.00040,
,,,-00.000000219000,  -0.00040,
,,,-00.000000218000,  -0.00040,
,,,-00.000000217000,   0.00000,
,,,-00.000000216000,  -0.00040,
,,,-00.000000215000,  -0.00040,
,,,-00.000000214000,  -0.00040,
,,,-00.000000213000,  -0.00040,
,,,-00.000000212000,  -0.00040,
,,,-00.000000211000,  -0.00040,
,,,-00.000000210000,  -0.00040,
,,,-00.000000209000,  -0.00040,
,,,-00.000000208000,  -0.00040,
,,,-00.000000207000,  -0.00040,
,,,-00.000000206000,  -0.00040,
,,,-00.000000205000,  -0.00040,
,,,-00.000000204000,  -0.00040,
,,,-00.000000203000,   0.00000,
,,,-00.000000202000,  -0.00040,
,,,-00.000000201000,   0.00000,
,,,-00.000000200000,  -0.00040,
,,,-00.000000199000,  -0.00040,
,,,-00.000000198000,   0.00000,
,,,-00.000000197000,   0.00000,
,,,-00.000000196000,   0.00000,
,,,-00.000000195000,   0.00000,
,,,-00.000000194000,   0.00000,
,,,-00.000000193000,  -0.00040,
,,,-00.000000192000,  -0.00040,
,,,-00.000000191000,  -0.00040,
,,,-00.000000190000,  -0.00040,
,,,-00.000000189000,  -0.00040,
,,,-00.000000188000,  -0.00040,
,,,-00.000000187000,  -0.00040,
,,,-00.000000186000,  -0.00040,
,,,-00.000000185000,  -0.00040,
,,,-00.000000184000,   0.00000,
,,,-00.000000183000,  -0.00040,
,,,-00.000000182000,  -0.00040,
,,,-00.000000181000,  -0.00040,
,,,-00.000000180000,  -0.00040,
,,,-00.000000179000,  -0.00040,
,,,-00.000000178000,  -0.00040,
,,,-00.000000177000,  -0.00040,
,,,-00.000000176000,  -0.00040,
,,,-00.000000175000,  -0.00040,
,,,-00.000000174000,  -0.00040,
,,,-00.000000173000,  -0.00040,
,,,-00.000000172000,  -0.00040,
,,,-00.000000171000,  -0.00040,
,,,-00.000000170000,   0.00000,
,,,-00.000000169000,  -0.00040,
,,,-00.000000168000,  -0.00040,
,,,-00.000000167000,  -0.00040,
,,,-00.000000166000,  -0.00040,
,,,-00.000000165000,  -0.00040,
,,,-00.000000164000,  -0.00040,
,,,-00.000000163000,  -0.00040,
,,,-00.000000162000,   0.00000,
,,,-00.000000161000,  -0.00040,
,,,-00.000000160000,  -0.00040,
,,,-00.000000159000,   0.00000,
,,,-00.000000158000,   0.00000,
,,,-00.000000157000,  -0.00040,
,,,-00.000000156000,  -0.00040,
,,,-00.000000155000,  -0.00040,
,,,-00.000000154000,  -0.00040,
,,,-00.000000153000,   0.00000,
,,,-00.000000152000,  -0.00040,
,,,-00.000000151000,   0.00000,
,,,-00.000000150000,  -0.00040,
,,,-00.000000149000,  -0.00040,
,,,-00.000000148000,   0.00000,
,,,-00.000000147000,  -0.00040,
,,,-00.000000146000,  -0.00040,
,,,-00.000000145000,  -0.00040,
,,,-00.000000144000,  -0.00040,
,,,-00.000000143000,  -0.00040,
,,,-00.000000142000,  -0.00040,
,,,-00.000000141000,  -0.00040,
,,,-00.000000140000,  -0.00040,
,,,-00.000000139000,  -0.00040,
,,,-00.000000138000,  -0.00040,
,,,-00.000000137000,  -0.00040,
,,,-00.000000136000,  -0.00040,
,,,-00.000000135000,  -0.00040,
,,,-00.000000134000,  -0.00040,
,,,-00.000000133000,  -0.00040,
,,,-00.000000132000,  -0.00040,
,,,-00.000000131000,  -0.00040,
,,,-00.000000130000,  -0.00040,
,,,-00.000000129000,  -0.00040,
,,,-00.000000128000,  -0.00040,
,,,-00.000000127000,  -0.00040,
,,,-00.000000126000,  -0.00040,
,,,-00.000000125000,  -0.00040,
,,,-00.000000124000,  -0.00040,
,,,-00.000000123000,  -0.00040,
,,,-00.000000122000,  -0.00040,
,,,-00.000000121000,  -0.00040,
,,,-00.000000120000,  -0.00040,
,,,-00.000000119000,  -0.00040,
,,,-00.000000118000,  -0.00040,
,,,-00.000000117000,  -0.00040,
,,,-00.000000116000,  -0.00040,
,,,-00.000000115000,  -0.00040,
,,,-00.000000114000,   0.00000,
,,,-00.000000113000,  -0.00040,
,,,-00.000000112000,   0.00000,
,,,-00.000000111000,  -0.00040,
,,,-00.000000110000,  -0.00040,
,,,-00.000000109000,  -0.00040,
,,,-00.000000108000,  -0.00040,
,,,-00.000000107000,  -0.00040,
,,,-00.000000106000,  -0.00040,
,,,-00.000000105000,  -0.00040,
,,,-00.000000104000,  -0.00040,
,,,-00.000000103000,  -0.00040,
,,,-00.000000102000,  -0.00040,
,,,-00.000000101000,  -0.00040,
,,,-00.000000100000,  -0.00040,
,,,-00.000000099000,  -0.00040,
,,,-00.000000098000,  -0.00040,
,,,-00.000000097000,  -0.00040,
,,,-00.000000096000,  -0.00040,
,,,-00.000000095000,  -0.00040,
,,,-00.000000094000,  -0.00040,
,,,-00.000000093000,  -0.00040,
,,,-00.000000092000,  -0.00040,
,,,-00.000000091000,  -0.00040,
,,,-00.000000090000,  -0.00040,
,,,-00.000000089000,  -0.00040,
,,,-00.000000088000,  -0.00040,
,,,-00.000000087000,  -0.00040,
,,,-00.000000086000,  -0.00040,
,,,-00.000000085000,  -0.00040,
,,,-00.000000084000,  -0.00040,
,,,-00.000000083000,  -0.00040,
,,,-00.000000082000,   0.00000,
,,,-00.000000081000,  -0.00040,
,,,-00.000000080000,   0.00000,
,,,-00.000000079000,   0.00000,
,,,-00.000000078000,  -0.00040,
,,,-00.000000077000,  -0.00040,
,,,-00.000000076000,  -0.00040,
,,,-00.000000075000,  -0.00040,
,,,-00.000000074000,  -0.00040,
,,,-00.000000073000,  -0.00040,
,,,-00.000000072000,  -0.00040,
,,,-00.000000071000,  -0.00040,
,,,-00.000000070000,  -0.00040,
,,,-00.000000069000,  -0.00040,
,,,-00.000000068000,  -0.00040,
,,,-00.000000067000,  -0.00040,
,,,-00.000000066000,  -0.00040,
,,,-00.000000065000,  -0.00040,
,,,-00.000000064000,  -0.00040,
,,,-00.000000063000,   0.00000,
,,,-00.000000062000,  -0.00040,
,,,-00.000000061000,   0.00000,
,,,-00.000000060000,  -0.00040,
,,,-00.000000059000,  -0.00040,
,,,-00.000000058000,  -0.00040,
,,,-00.000000057000,   0.00000,
,,,-00.000000056000,   0.00000,
,,,-00.000000055000,   0.00000,
,,,-00.000000054000,   0.00000,
,,,-00.000000053000,  -0.00040,
,,,-00.000000052000,   0.00000,
,,,-00.000000051000,  -0.00040,
,,,-00.000000050000,   0.00000,
,,,-00.000000049000,  -0.00040,
,,,-00.000000048000,  -0.00040,
,,,-00.000000047000,  -0.00040,
,,,-00.000000046000,   0.00000,
,,,-00.000000045000,  -0.00040,
,,,-00.000000044000,  -0.00040,
,,,-00.000000043000,   0.00000,
,,,-00.000000042000,   0.00000,
,,,-00.000000041000,   0.00000,
,,,-00.000000040000,   0.00000,
,,,-00.000000039000,  -0.00040,
,,,-00.000000038000,   0.00000,
,,,-00.000000037000,  -0.00040,
,,,-00.000000036000,  -0.00040,
,,,-00.000000035000,  -0.00040,
,,,-00.000000034000,  -0.00040,
,,,-00.000000033000,  -0.00040,
,,,-00.000000032000,   0.00000,
,,,-00.000000031000,  -0.00040,
,,,-00.000000030000,   0.00000,
,,,-00.000000029000,  -0.00040,
,,,-00.000000028000,  -0.00040,
,,,-00.000000027000,  -0.00040,
,,,-00.000000026000,  -0.00040,
,,,-00.000000025000,  -0.00040,
,,,-00.000000024000,  -0.00040,
,,,-00.000000023000,  -0.00040,
,,,-00.000000022000,   0.00000,
,,,-00.000000021000,  -0.00040,
,,,-00.000000020000,  -0.00040,
,,,-00.000000019000,   0.00000,
,,,-00.000000018000,   0.00000,
,,,-00.000000017000,  -0.00040,
,,,-00.000000016000,   0.00000,
,,,-00.000000015000,   0.00000,
,,,-00.000000014000,  -0.00040,
,,,-00.000000013000,   0.00000,
,,,-00.000000012000,   0.00000,
,,,-00.000000011000,   0.00000,
,,,-00.000000010000,   0.00000,
,,,-00.000000009000,   0.00000,
,,,-00.000000008000,  -0.00040,
,,,-00.000000007000,   0.00000,
,,,-00.000000006000,   0.00000,
,,,-00.000000005000,  -0.00040,
,,,-00.000000004000,   0.00000,
,,,-00.000000003000,   0.00000,
,,,-00.000000002000,   0.00040,
,,,-00.000000001000,   0.00160,
,,,-00.000000000000,   0.00480,
,,,00.000000001000,   0.00960,
,,,00.000000002000,   0.01640,
,,,00.000000003000,   0.02320,
,,,00.000000004000,   0.03000,
,,,00.000000005000,   0.03600,
,,,00.000000006000,   0.04120,
,,,00.000000007000,   0.04520,
,,,00.000000008000,   0.04840,
,,,00.000000009000,   0.05040,
,,,00.000000010000,   0.05200,
,,,00.000000011000,   0.05320,
,,,00.000000012000,   0.05400,
,,,00.000000013000,   0.05480,
,,,00.000000014000,   0.05560,
,,,00.000000015000,   0.05560,
,,,00.000000016000,   0.05600,
,,,00.000000017000,   0.05640,
,,,00.000000018000,   0.05640,
,,,00.000000019000,   0.05600,
,,,00.000000020000,   0.05520,
,,,00.000000021000,   0.05440,
,,,00.000000022000,   0.05360,
,,,00.000000023000,   0.05280,
,,,00.000000024000,   0.05200,
,,,00.000000025000,   0.05120,
,,,00.000000026000,   0.05080,
,,,00.000000027000,   0.05040,
,,,00.000000028000,   0.05040,
,,,00.000000029000,   0.05040,
,,,00.000000030000,   0.05040,
,,,00.000000031000,   0.05080,
,,,00.000000032000,   0.05080,
,,,00.000000033000,   0.05080,
,,,00.000000034000,   0.05080,
,,,00.000000035000,   0.05120,
,,,00.000000036000,   0.05120,
,,,00.000000037000,   0.05120,
,,,00.000000038000,   0.05160,
,,,00.000000039000,   0.05200,
,,,00.000000040000,   0.05240,
,,,00.000000041000,   0.05240,
,,,00.000000042000,   0.05280,
,,,00.000000043000,   0.05320,
,,,00.000000044000,   0.05320,
,,,00.000000045000,   0.05320,
,,,00.000000046000,   0.05320,
,,,00.000000047000,   0.05360,
,,,00.000000048000,   0.05360,
,,,00.000000049000,   0.05400,
,,,00.000000050000,   0.05400,
,,,00.000000051000,   0.05400,
,,,00.000000052000,   0.05400,
,,,00.000000053000,   0.05400,
,,,00.000000054000,   0.05360,
,,,00.000000055000,   0.05360,
,,,00.000000056000,   0.05360,
,,,00.000000057000,   0.05360,
,,,00.000000058000,   0.05360,
,,,00.000000059000,   0.05360,
,,,00.000000060000,   0.05360,
,,,00.000000061000,   0.05320,
,,,00.000000062000,   0.05320,
,,,00.000000063000,   0.05320,
,,,00.000000064000,   0.05280,
,,,00.000000065000,   0.05280,
,,,00.000000066000,   0.05280,
,,,00.000000067000,   0.05280,
,,,00.000000068000,   0.05280,
,,,00.000000069000,   0.05280,
,,,00.000000070000,   0.05240,
,,,00.000000071000,   0.05240,
,,,00.000000072000,   0.05240,
,,,00.000000073000,   0.05240,
,,,00.000000074000,   0.05240,
,,,00.000000075000,   0.05240,
,,,00.000000076000,   0.05200,
,,,00.000000077000,   0.05200,
,,,00.000000078000,   0.05200,
,,,00.000000079000,   0.05200,
,,,00.000000080000,   0.05160,
,,,00.000000081000,   0.05200,
,,,00.000000082000,   0.05160,
,,,00.000000083000,   0.05160,
,,,00.000000084000,   0.05160,
,,,00.000000085000,   0.05200,
,,,00.000000086000,   0.05160,
,,,00.000000087000,   0.05160,
,,,00.000000088000,   0.05160,
,,,00.000000089000,   0.05160,
,,,00.000000090000,   0.05160,
,,,00.000000091000,   0.05160,
,,,00.000000092000,   0.05120,
,,,00.000000093000,   0.05120,
,,,00.000000094000,   0.05120,
,,,00.000000095000,   0.05120,
,,,00.000000096000,   0.05120,
,,,00.000000097000,   0.05080,
,,,00.000000098000,   0.05080,
,,,00.000000099000,   0.05080,
,,,00.000000100000,   0.05080,
,,,00.000000101000,   0.05080,
,,,00.000000102000,   0.05040,
,,,00.000000103000,   0.05040,
,,,00.000000104000,   0.05040,
,,,00.000000105000,   0.05000,
,,,00.000000106000,   0.05000,
,,,00.000000107000,   0.05000,
,,,00.000000108000,   0.04960,
,,,00.000000109000,   0.04960,
,,,00.000000110000,   0.04920,
,,,00.000000111000,   0.04920,
,,,00.000000112000,   0.04920,
,,,00.000000113000,   0.04880,
,,,00.000000114000,   0.04920,
,,,00.000000115000,   0.04880,
,,,00.000000116000,   0.04880,
,,,00.000000117000,   0.04880,
,,,00.000000118000,   0.04880,
,,,00.000000119000,   0.04880,
,,,00.000000120000,   0.04880,
,,,00.000000121000,   0.04840,
,,,00.000000122000,   0.04880,
,,,00.000000123000,   0.04840,
,,,00.000000124000,   0.04840,
,,,00.000000125000,   0.04840,
,,,00.000000126000,   0.04840,
,,,00.000000127000,   0.04800,
,,,00.000000128000,   0.04800,
,,,00.000000129000,   0.04800,
,,,00.000000130000,   0.04800,
,,,00.000000131000,   0.04800,
,,,00.000000132000,   0.04760,
,,,00.000000133000,   0.04760,
,,,00.000000134000,   0.04760,
,,,00.000000135000,   0.04720,
,,,00.000000136000,   0.04720,
,,,00.000000137000,   0.04720,
,,,00.000000138000,   0.04680,
,,,00.000000139000,   0.04680,
,,,00.000000140000,   0.04640,
,,,00.000000141000,   0.04640,
,,,00.000000142000,   0.04640,
,,,00.000000143000,   0.04640,
,,,00.000000144000,   0.04600,
,,,00.000000145000,   0.04600,
,,,00.000000146000,   0.04600,
,,,00.000000147000,   0.04560,
,,,00.000000148000,   0.04560,
,,,00.000000149000,   0.04560,
,,,00.000000150000,   0.04560,
,,,00.000000151000,   0.04520,
,,,00.000000152000,   0.04520,
,,,00.000000153000,   0.04520,
,,,00.000000154000,   0.04520,
,,,00.000000155000,   0.04520,
,,,00.000000156000,   0.04520,
,,,00.000000157000,   0.04520,
,,,00.000000158000,   0.04480,
,,,00.000000159000,   0.04480,
,,,00.000000160000,   0.04480,
,,,00.000000161000,   0.04480,
,,,00.000000162000,   0.04480,
,,,00.000000163000,   0.04480,
,,,00.000000164000,   0.04440,
,,,00.000000165000,   0.04440,
,,,00.000000166000,   0.04440,
,,,00.000000167000,   0.04440,
,,,00.000000168000,   0.04400,
,,,00.000000169000,   0.04400,
,,,00.000000170000,   0.04360,
,,,00.000000171000,   0.04360,
,,,00.000000172000,   0.04360,
,,,00.000000173000,   0.04320,
,,,00.000000174000,   0.04320,
,,,00.000000175000,   0.04320,
,,,00.000000176000,   0.04320,
,,,00.000000177000,   0.04280,
,,,00.000000178000,   0.04280,
,,,00.000000179000,   0.04280,
,,,00.000000180000,   0.04240,
,,,00.000000181000,   0.04240,
,,,00.000000182000,   0.04240,
,,,00.000000183000,   0.04240,
,,,00.000000184000,   0.04240,
,,,00.000000185000,   0.04240,
,,,00.000000186000,   0.04200,
,,,00.000000187000,   0.04200,
,,,00.000000188000,   0.04200,
,,,00.000000189000,   0.04200,
,,,00.000000190000,   0.04200,
,,,00.000000191000,   0.04200,
,,,00.000000192000,   0.04160,
,,,00.000000193000,   0.04160,
,,,00.000000194000,   0.04160,
,,,00.000000195000,   0.04160,
,,,00.000000196000,   0.04120,
,,,00.000000197000,   0.04120,
,,,00.000000198000,   0.04120,
,,,00.000000199000,   0.04120,
,,,00.000000200000,   0.04120,
,,,00.000000201000,   0.04080,
,,,00.000000202000,   0.04080,
,,,00.000000203000,   0.04080,
,,,00.000000204000,   0.04080,
,,,00.000000205000,   0.04040,
,,,00.000000206000,   0.04040,
,,,00.000000207000,   0.04040,
,,,00.000000208000,   0.04000,
,,,00.000000209000,   0.04000,
,,,00.000000210000,   0.04000,
,,,00.000000211000,   0.04000,
,,,00.000000212000,   0.04000,
,,,00.000000213000,   0.03960,
,,,00.000000214000,   0.03960,
,,,00.000000215000,   0.03960,
,,,00.000000216000,   0.03960,
,,,00.000000217000,   0.03920,
,,,00.000000218000,   0.03920,
,,,00.000000219000,   0.03920,
,,,00.000000220000,   0.03920,
,,,00.000000221000,   0.03920,
,,,00.000000222000,   0.03920,
,,,00.000000223000,   0.03880,
,,,00.000000224000,   0.03920,
,,,00.000000225000,   0.03880,
,,,00.000000226000,   0.03840,
,,,00.000000227000,   0.03840,
,,,00.000000228000,   0.03840,
,,,00.000000229000,   0.03840,
,,,00.000000230000,   0.03840,
,,,00.000000231000,   0.03840,
,,,00.000000232000,   0.03800,
,,,00.000000233000,   0.03800,
,,,00.000000234000,   0.03800,
,,,00.000000235000,   0.03800,
,,,00.000000236000,   0.03800,
,,,00.000000237000,   0.03800,
,,,00.000000238000,   0.03800,
,,,00.000000239000,   0.03760,
,,,00.000000240000,   0.03760,
,,,00.000000241000,   0.03760,
,,,00.000000242000,   0.03720,
,,,00.000000243000,   0.03720,
,,,00.000000244000,   0.03720,
,,,00.000000245000,   0.03720,
,,,00.000000246000,   0.03720,
,,,00.000000247000,   0.03680,
,,,00.000000248000,   0.03720,
,,,00.000000249000,   0.03680,
,,,00.000000250000,   0.03680,
,,,00.000000251000,   0.03680,
,,,00.000000252000,   0.03680,
,,,00.000000253000,   0.03680,
,,,00.000000254000,   0.03680,
,,,00.000000255000,   0.03640,
,,,00.000000256000,   0.03640,
,,,00.000000257000,   0.03600,
,,,00.000000258000,   0.03640,
,,,00.000000259000,   0.03600,
,,,00.000000260000,   0.03600,
,,,00.000000261000,   0.03600,
,,,00.000000262000,   0.03560,
,,,00.000000263000,   0.03560,
,,,00.000000264000,   0.03560,
,,,00.000000265000,   0.03560,
,,,00.000000266000,   0.03520,
,,,00.000000267000,   0.03520,
,,,00.000000268000,   0.03520,
,,,00.000000269000,   0.03520,
,,,00.000000270000,   0.03520,
,,,00.000000271000,   0.03520,
,,,00.000000272000,   0.03520,
,,,00.000000273000,   0.03480,
,,,00.000000274000,   0.03480,
,,,00.000000275000,   0.03480,
,,,00.000000276000,   0.03440,
,,,00.000000277000,   0.03480,
,,,00.000000278000,   0.03440,
,,,00.000000279000,   0.03440,
,,,00.000000280000,   0.03440,
,,,00.000000281000,   0.03440,
,,,00.000000282000,   0.03440,
,,,00.000000283000,   0.03440,
,,,00.000000284000,   0.03440,
,,,00.000000285000,   0.03440,
,,,00.000000286000,   0.03440,
,,,00.000000287000,   0.03400,
,,,00.000000288000,   0.03400,
,,,00.000000289000,   0.03400,
,,,00.000000290000,   0.03400,
,,,00.000000291000,   0.03360,
,,,00.000000292000,   0.03360,
,,,00.000000293000,   0.03360,
,,,00.000000294000,   0.03360,
,,,00.000000295000,   0.03320,
,,,00.000000296000,   0.03320,
,,,00.000000297000,   0.03320,
,,,00.000000298000,   0.03320,
,,,00.000000299000,   0.03280,
,,,00.000000300000,   0.03280,
,,,00.000000301000,   0.03280,
,,,00.000000302000,   0.03280,
,,,00.000000303000,   0.03240,
,,,00.000000304000,   0.03240,
,,,00.000000305000,   0.03240,
,,,00.000000306000,   0.03240,
,,,00.000000307000,   0.03240,
,,,00.000000308000,   0.03200,
,,,00.000000309000,   0.03240,
,,,00.000000310000,   0.03200,
,,,00.000000311000,   0.03200,
,,,00.000000312000,   0.03200,
,,,00.000000313000,   0.03200,
,,,00.000000314000,   0.03200,
,,,00.000000315000,   0.03240,
,,,00.000000316000,   0.03200,
,,,00.000000317000,   0.03200,
,,,00.000000318000,   0.03200,
,,,00.000000319000,   0.03200,
,,,00.000000320000,   0.03160,
,,,00.000000321000,   0.03160,
,,,00.000000322000,   0.03160,
,,,00.000000323000,   0.03160,
,,,00.000000324000,   0.03160,
,,,00.000000325000,   0.03160,
,,,00.000000326000,   0.03120,
,,,00.000000327000,   0.03120,
,,,00.000000328000,   0.03120,
,,,00.000000329000,   0.03120,
,,,00.000000330000,   0.03080,
,,,00.000000331000,   0.03080,
,,,00.000000332000,   0.03080,
,,,00.000000333000,   0.03080,
,,,00.000000334000,   0.03080,
,,,00.000000335000,   0.03040,
,,,00.000000336000,   0.03040,
,,,00.000000337000,   0.03040,
,,,00.000000338000,   0.03040,
,,,00.000000339000,   0.03000,
,,,00.000000340000,   0.03000,
,,,00.000000341000,   0.03000,
,,,00.000000342000,   0.03000,
,,,00.000000343000,   0.03000,
,,,00.000000344000,   0.03000,
,,,00.000000345000,   0.03000,
,,,00.000000346000,   0.03000,
,,,00.000000347000,   0.03000,
,,,00.000000348000,   0.03000,
,,,00.000000349000,   0.02960,
,,,00.000000350000,   0.03000,
,,,00.000000351000,   0.02960,
,,,00.000000352000,   0.02960,
,,,00.000000353000,   0.02960,
,,,00.000000354000,   0.02960,
,,,00.000000355000,   0.02920,
,,,00.000000356000,   0.02920,
,,,00.000000357000,   0.02920,
,,,00.000000358000,   0.02920,
,,,00.000000359000,   0.02920,
,,,00.000000360000,   0.02920,
,,,00.000000361000,   0.02920,
,,,00.000000362000,   0.02880,
,,,00.000000363000,   0.02880,
,,,00.000000364000,   0.02880,
,,,00.000000365000,   0.02840,
,,,00.000000366000,   0.02880,
,,,00.000000367000,   0.02840,
,,,00.000000368000,   0.02840,
,,,00.000000369000,   0.02840,
,,,00.000000370000,   0.02840,
,,,00.000000371000,   0.02840,
,,,00.000000372000,   0.02840,
,,,00.000000373000,   0.02840,
,,,00.000000374000,   0.02800,
,,,00.000000375000,   0.02800,
,,,00.000000376000,   0.02800,
,,,00.000000377000,   0.02800,
,,,00.000000378000,   0.02800,
,,,00.000000379000,   0.02800,
,,,00.000000380000,   0.02800,
,,,00.000000381000,   0.02800,
,,,00.000000382000,   0.02800,
,,,00.000000383000,   0.02800,
,,,00.000000384000,   0.02800,
,,,00.000000385000,   0.02800,
,,,00.000000386000,   0.02760,
,,,00.000000387000,   0.02760,
,,,00.000000388000,   0.02760,
,,,00.000000389000,   0.02760,
,,,00.000000390000,   0.02760,
,,,00.000000391000,   0.02720,
,,,00.000000392000,   0.02720,
,,,00.000000393000,   0.02720,
,,,00.000000394000,   0.02720,
,,,00.000000395000,   0.02720,
,,,00.000000396000,   0.02720,
,,,00.000000397000,   0.02720,
,,,00.000000398000,   0.02680,
,,,00.000000399000,   0.02680,
,,,00.000000400000,   0.02680,
,,,00.000000401000,   0.02680,
,,,00.000000402000,   0.02680,
,,,00.000000403000,   0.02640,
,,,00.000000404000,   0.02640,
,,,00.000000405000,   0.02640,
,,,00.000000406000,   0.02640,
,,,00.000000407000,   0.02640,
,,,00.000000408000,   0.02640,
,,,00.000000409000,   0.02600,
,,,00.000000410000,   0.02600,
,,,00.000000411000,   0.02600,
,,,00.000000412000,   0.02600,
,,,00.000000413000,   0.02600,
,,,00.000000414000,   0.02600,
,,,00.000000415000,   0.02600,
,,,00.000000416000,   0.02600,
,,,00.000000417000,   0.02600,
,,,00.000000418000,   0.02600,
,,,00.000000419000,   0.02600,
,,,00.000000420000,   0.02600,
,,,00.000000421000,   0.02560,
,,,00.000000422000,   0.02560,
,,,00.000000423000,   0.02560,
,,,00.000000424000,   0.02560,
,,,00.000000425000,   0.02560,
,,,00.000000426000,   0.02520,
,,,00.000000427000,   0.02520,
,,,00.000000428000,   0.02520,
,,,00.000000429000,   0.02520,
,,,00.000000430000,   0.02520,
,,,00.000000431000,   0.02520,
,,,00.000000432000,   0.02520,
,,,00.000000433000,   0.02520,
,,,00.000000434000,   0.02520,
,,,00.000000435000,   0.02480,
,,,00.000000436000,   0.02520,
,,,00.000000437000,   0.02480,
,,,00.000000438000,   0.02480,
,,,00.000000439000,   0.02480,
,,,00.000000440000,   0.02480,
,,,00.000000441000,   0.02440,
,,,00.000000442000,   0.02440,
,,,00.000000443000,   0.02440,
,,,00.000000444000,   0.02440,
,,,00.000000445000,   0.02440,
,,,00.000000446000,   0.02440,
,,,00.000000447000,   0.02440,
,,,00.000000448000,   0.02440,
,,,00.000000449000,   0.02440,
,,,00.000000450000,   0.02440,
,,,00.000000451000,   0.02440,
,,,00.000000452000,   0.02400,
,,,00.000000453000,   0.02400,
,,,00.000000454000,   0.02400,
,,,00.000000455000,   0.02400,
,,,00.000000456000,   0.02400,
,,,00.000000457000,   0.02360,
,,,00.000000458000,   0.02360,
,,,00.000000459000,   0.02360,
,,,00.000000460000,   0.02360,
,,,00.000000461000,   0.02360,
,,,00.000000462000,   0.02360,
,,,00.000000463000,   0.02360,
,,,00.000000464000,   0.02360,
,,,00.000000465000,   0.02360,
,,,00.000000466000,   0.02360,
,,,00.000000467000,   0.02320,
,,,00.000000468000,   0.02320,
,,,00.000000469000,   0.02320,
,,,00.000000470000,   0.02320,
,,,00.000000471000,   0.02320,
,,,00.000000472000,   0.02320,
,,,00.000000473000,   0.02320,
,,,00.000000474000,   0.02280,
,,,00.000000475000,   0.02280,
,,,00.000000476000,   0.02280,
,,,00.000000477000,   0.02280,
,,,00.000000478000,   0.02280,
,,,00.000000479000,   0.02280,
,,,00.000000480000,   0.02280,
,,,00.000000481000,   0.02280,
,,,00.000000482000,   0.02280,
,,,00.000000483000,   0.02280,
,,,00.000000484000,   0.02280,
,,,00.000000485000,   0.02280,
,,,00.000000486000,   0.02240,
,,,00.000000487000,   0.02240,
,,,00.000000488000,   0.02240,
,,,00.000000489000,   0.02240,
,,,00.000000490000,   0.02240,
,,,00.000000491000,   0.02240,
,,,00.000000492000,   0.02240,
,,,00.000000493000,   0.02240,
,,,00.000000494000,   0.02200,
,,,00.000000495000,   0.02200,
,,,00.000000496000,   0.02200,
,,,00.000000497000,   0.02200,
,,,00.000000498000,   0.02200,
,,,00.000000499000,   0.02200,
,,,00.000000500000,   0.02200,
,,,00.000000501000,   0.02200,
,,,00.000000502000,   0.02200,
,,,00.000000503000,   0.02200,
,,,00.000000504000,   0.02160,
,,,00.000000505000,   0.02160,
,,,00.000000506000,   0.02160,
,,,00.000000507000,   0.02160,
,,,00.000000508000,   0.02160,
,,,00.000000509000,   0.02160,
,,,00.000000510000,   0.02160,
,,,00.000000511000,   0.02120,
,,,00.000000512000,   0.02120,
,,,00.000000513000,   0.02120,
,,,00.000000514000,   0.02120,
,,,00.000000515000,   0.02120,
,,,00.000000516000,   0.02120,
,,,00.000000517000,   0.02120,
,,,00.000000518000,   0.02120,
,,,00.000000519000,   0.02120,
,,,00.000000520000,   0.02080,
,,,00.000000521000,   0.02080,
,,,00.000000522000,   0.02080,
,,,00.000000523000,   0.02080,
,,,00.000000524000,   0.02080,
,,,00.000000525000,   0.02120,
,,,00.000000526000,   0.02080,
,,,00.000000527000,   0.02080,
,,,00.000000528000,   0.02040,
,,,00.000000529000,   0.02080,
,,,00.000000530000,   0.02040,
,,,00.000000531000,   0.02040,
,,,00.000000532000,   0.02040,
,,,00.000000533000,   0.02040,
,,,00.000000534000,   0.02040,
,,,00.000000535000,   0.02040,
,,,00.000000536000,   0.02040,
,,,00.000000537000,   0.02040,
,,,00.000000538000,   0.02040,
,,,00.000000539000,   0.02040,
,,,00.000000540000,   0.02040,
,,,00.000000541000,   0.02040,
,,,00.000000542000,   0.02040,
,,,00.000000543000,   0.02040,
,,,00.000000544000,   0.02040,
,,,00.000000545000,   0.02040,
,,,00.000000546000,   0.02000,
,,,00.000000547000,   0.02000,
,,,00.000000548000,   0.02000,
,,,00.000000549000,   0.02000,
,,,00.000000550000,   0.02000,
,,,00.000000551000,   0.01960,
,,,00.000000552000,   0.02000,
,,,00.000000553000,   0.01960,
,,,00.000000554000,   0.01960,
,,,00.000000555000,   0.01960,
,,,00.000000556000,   0.01960,
,,,00.000000557000,   0.01960,
,,,00.000000558000,   0.01960,
,,,00.000000559000,   0.01960,
,,,00.000000560000,   0.01920,
,,,00.000000561000,   0.01960,
,,,00.000000562000,   0.01920,
,,,00.000000563000,   0.01920,
,,,00.000000564000,   0.01920,
,,,00.000000565000,   0.01920,
,,,00.000000566000,   0.01920,
,,,00.000000567000,   0.01920,
,,,00.000000568000,   0.01920,
,,,00.000000569000,   0.01920,
,,,00.000000570000,   0.01920,
,,,00.000000571000,   0.01920,
,,,00.000000572000,   0.01920,
,,,00.000000573000,   0.01880,
,,,00.000000574000,   0.01920,
,,,00.000000575000,   0.01920,
,,,00.000000576000,   0.01880,
,,,00.000000577000,   0.01880,
,,,00.000000578000,   0.01880,
,,,00.000000579000,   0.01880,
,,,00.000000580000,   0.01880,
,,,00.000000581000,   0.01920,
,,,00.000000582000,   0.01880,
,,,00.000000583000,   0.01880,
,,,00.000000584000,   0.01880,
,,,00.000000585000,   0.01880,
,,,00.000000586000,   0.01880,
,,,00.000000587000,   0.01840,
,,,00.000000588000,   0.01840,
,,,00.000000589000,   0.01840,
,,,00.000000590000,   0.01840,
,,,00.000000591000,   0.01840,
,,,00.000000592000,   0.01840,
,,,00.000000593000,   0.01840,
,,,00.000000594000,   0.01840,
,,,00.000000595000,   0.01840,
,,,00.000000596000,   0.01840,
,,,00.000000597000,   0.01840,
,,,00.000000598000,   0.01840,
,,,00.000000599000,   0.01800,
,,,00.000000600000,   0.01800,
,,,00.000000601000,   0.01800,
,,,00.000000602000,   0.01800,
,,,00.000000603000,   0.01800,
,,,00.000000604000,   0.01800,
,,,00.000000605000,   0.01800,
,,,00.000000606000,   0.01800,
,,,00.000000607000,   0.01800,
,,,00.000000608000,   0.01800,
,,,00.000000609000,   0.01800,
,,,00.000000610000,   0.01760,
,,,00.000000611000,   0.01760,
,,,00.000000612000,   0.01760,
,,,00.000000613000,   0.01760,
,,,00.000000614000,   0.01760,
,,,00.000000615000,   0.01760,
,,,00.000000616000,   0.01760,
,,,00.000000617000,   0.01760,
,,,00.000000618000,   0.01760,
,,,00.000000619000,   0.01760,
,,,00.000000620000,   0.01760,
,,,00.000000621000,   0.01720,
,,,00.000000622000,   0.01720,
,,,00.000000623000,   0.01720,
,,,00.000000624000,   0.01720,
,,,00.000000625000,   0.01720,
,,,00.000000626000,   0.01680,
,,,00.000000627000,   0.01720,
,,,00.000000628000,   0.01720,
,,,00.000000629000,   0.01720,
,,,00.000000630000,   0.01720,
,,,00.000000631000,   0.01680,
,,,00.000000632000,   0.01680,
,,,00.000000633000,   0.01680,
,,,00.000000634000,   0.01680,
,,,00.000000635000,   0.01680,
,,,00.000000636000,   0.01680,
,,,00.000000637000,   0.01680,
,,,00.000000638000,   0.01680,
,,,00.000000639000,   0.01680,
,,,00.000000640000,   0.01680,
,,,00.000000641000,   0.01680,
,,,00.000000642000,   0.01680,
,,,00.000000643000,   0.01680,
,,,00.000000644000,   0.01680,
,,,00.000000645000,   0.01680,
,,,00.000000646000,   0.01640,
,,,00.000000647000,   0.01640,
,,,00.000000648000,   0.01640,
,,,00.000000649000,   0.01640,
,,,00.000000650000,   0.01680,
,,,00.000000651000,   0.01640,
,,,00.000000652000,   0.01640,
,,,00.000000653000,   0.01640,
,,,00.000000654000,   0.01640,
,,,00.000000655000,   0.01640,
,,,00.000000656000,   0.01640,
,,,00.000000657000,   0.01600,
,,,00.000000658000,   0.01600,
,,,00.000000659000,   0.01600,
,,,00.000000660000,   0.01600,
,,,00.000000661000,   0.01600,
,,,00.000000662000,   0.01600,
,,,00.000000663000,   0.01600,
,,,00.000000664000,   0.01600,
,,,00.000000665000,   0.01600,
,,,00.000000666000,   0.01600,
,,,00.000000667000,   0.01600,
,,,00.000000668000,   0.01600,
,,,00.000000669000,   0.01600,
,,,00.000000670000,   0.01560,
,,,00.000000671000,   0.01560,
,,,00.000000672000,   0.01560,
,,,00.000000673000,   0.01560,
,,,00.000000674000,   0.01560,
,,,00.000000675000,   0.01560,
,,,00.000000676000,   0.01560,
,,,00.000000677000,   0.01560,
,,,00.000000678000,   0.01560,
,,,00.000000679000,   0.01560,
,,,00.000000680000,   0.01560,
,,,00.000000681000,   0.01560,
,,,00.000000682000,   0.01560,
,,,00.000000683000,   0.01560,
,,,00.000000684000,   0.01560,
,,,00.000000685000,   0.01520,
,,,00.000000686000,   0.01520,
,,,00.000000687000,   0.01520,
,,,00.000000688000,   0.01520,
,,,00.000000689000,   0.01520,
,,,00.000000690000,   0.01520,
,,,00.000000691000,   0.01520,
,,,00.000000692000,   0.01520,
,,,00.000000693000,   0.01520,
,,,00.000000694000,   0.01520,
,,,00.000000695000,   0.01520,
,,,00.000000696000,   0.01520,
,,,00.000000697000,   0.01520,
,,,00.000000698000,   0.01520,
,,,00.000000699000,   0.01520,
,,,00.000000700000,   0.01520,
,,,00.000000701000,   0.01520,
,,,00.000000702000,   0.01480,
,,,00.000000703000,   0.01480,
,,,00.000000704000,   0.01480,
,,,00.000000705000,   0.01480,
,,,00.000000706000,   0.01480,
,,,00.000000707000,   0.01480,
,,,00.000000708000,   0.01480,
,,,00.000000709000,   0.01480,
,,,00.000000710000,   0.01480,
,,,00.000000711000,   0.01480,
,,,00.000000712000,   0.01480,
,,,00.000000713000,   0.01480,
,,,00.000000714000,   0.01440,
,,,00.000000715000,   0.01440,
,,,00.000000716000,   0.01440,
,,,00.000000717000,   0.01440,
,,,00.000000718000,   0.01440,
,,,00.000000719000,   0.01440,
,,,00.000000720000,   0.01440,
,,,00.000000721000,   0.01440,
,,,00.000000722000,   0.01440,
,,,00.000000723000,   0.01440,
,,,00.000000724000,   0.01440,
,,,00.000000725000,   0.01400,
,,,00.000000726000,   0.01440,
,,,00.000000727000,   0.01400,
,,,00.000000728000,   0.01400,
,,,00.000000729000,   0.01440,
,,,00.000000730000,   0.01400,
,,,00.000000731000,   0.01400,
,,,00.000000732000,   0.01400,
,,,00.000000733000,   0.01400,
,,,00.000000734000,   0.01400,
,,,00.000000735000,   0.01400,
,,,00.000000736000,   0.01400,
,,,00.000000737000,   0.01400,
,,,00.000000738000,   0.01400,
,,,00.000000739000,   0.01400,
,,,00.000000740000,   0.01400,
,,,00.000000741000,   0.01400,
,,,00.000000742000,   0.01400,
,,,00.000000743000,   0.01400,
,,,00.000000744000,   0.01400,
,,,00.000000745000,   0.01400,
,,,00.000000746000,   0.01360,
,,,00.000000747000,   0.01400,
,,,00.000000748000,   0.01360,
,,,00.000000749000,   0.01360,
,,,00.000000750000,   0.01360,
,,,00.000000751000,   0.01360,
,,,00.000000752000,   0.01360,
,,,00.000000753000,   0.01360,
,,,00.000000754000,   0.01360,
,,,00.000000755000,   0.01360,
,,,00.000000756000,   0.01360,
,,,00.000000757000,   0.01360,
,,,00.000000758000,   0.01360,
,,,00.000000759000,   0.01360,
,,,00.000000760000,   0.01320,
,,,00.000000761000,   0.01320,
,,,00.000000762000,   0.01360,
,,,00.000000763000,   0.01360,
,,,00.000000764000,   0.01320,
,,,00.000000765000,   0.01320,
,,,00.000000766000,   0.01320,
,,,00.000000767000,   0.01320,
,,,00.000000768000,   0.01320,
,,,00.000000769000,   0.01320,
,,,00.000000770000,   0.01320,
,,,00.000000771000,   0.01320,
,,,00.000000772000,   0.01320,
,,,00.000000773000,   0.01320,
,,,00.000000774000,   0.01320,
,,,00.000000775000,   0.01280,
,,,00.000000776000,   0.01280,
,,,00.000000777000,   0.01320,
,,,00.000000778000,   0.01280,
,,,00.000000779000,   0.01280,
,,,00.000000780000,   0.01280,
,,,00.000000781000,   0.01280,
,,,00.000000782000,   0.01280,
,,,00.000000783000,   0.01280,
,,,00.000000784000,   0.01280,
,,,00.000000785000,   0.01280,
,,,00.000000786000,   0.01280,
,,,00.000000787000,   0.01280,
,,,00.000000788000,   0.01280,
,,,00.000000789000,   0.01280,
,,,00.000000790000,   0.01280,
,,,00.000000791000,   0.01280,
,,,00.000000792000,   0.01280,
,,,00.000000793000,   0.01280,
,,,00.000000794000,   0.01280,
,,,00.000000795000,   0.01280,
,,,00.000000796000,   0.01240,
,,,00.000000797000,   0.01240,
,,,00.000000798000,   0.01240,
,,,00.000000799000,   0.01240,
,,,00.000000800000,   0.01240,
,,,00.000000801000,   0.01240,
,,,00.000000802000,   0.01240,
,,,00.000000803000,   0.01240,
,,,00.000000804000,   0.01240,
,,,00.000000805000,   0.01240,
,,,00.000000806000,   0.01240,
,,,00.000000807000,   0.01200,
,,,00.000000808000,   0.01240,
,,,00.000000809000,   0.01240,
,,,00.000000810000,   0.01200,
,,,00.000000811000,   0.01200,
,,,00.000000812000,   0.01240,
,,,00.000000813000,   0.01200,
,,,00.000000814000,   0.01200,
,,,00.000000815000,   0.01200,
,,,00.000000816000,   0.01200,
,,,00.000000817000,   0.01200,
,,,00.000000818000,   0.01200,
,,,00.000000819000,   0.01200,
,,,00.000000820000,   0.01200,
,,,00.000000821000,   0.01200,
,,,00.000000822000,   0.01200,
,,,00.000000823000,   0.01200,
,,,00.000000824000,   0.01200,
,,,00.000000825000,   0.01200,
,,,00.000000826000,   0.01200,
,,,00.000000827000,   0.01200,
,,,00.000000828000,   0.01200,
,,,00.000000829000,   0.01200,
,,,00.000000830000,   0.01200,
,,,00.000000831000,   0.01160,
,,,00.000000832000,   0.01160,
,,,00.000000833000,   0.01160,
,,,00.000000834000,   0.01160,
,,,00.000000835000,   0.01160,
,,,00.000000836000,   0.01160,
,,,00.000000837000,   0.01160,
,,,00.000000838000,   0.01160,
,,,00.000000839000,   0.01160,
,,,00.000000840000,   0.01160,
,,,00.000000841000,   0.01160,
,,,00.000000842000,   0.01160,
,,,00.000000843000,   0.01160,
,,,00.000000844000,   0.01160,
,,,00.000000845000,   0.01160,
,,,00.000000846000,   0.01160,
,,,00.000000847000,   0.01160,
,,,00.000000848000,   0.01160,
,,,00.000000849000,   0.01160,
,,,00.000000850000,   0.01120,
,,,00.000000851000,   0.01120,
,,,00.000000852000,   0.01120,
,,,00.000000853000,   0.01120,
,,,00.000000854000,   0.01160,
,,,00.000000855000,   0.01120,
,,,00.000000856000,   0.01120,
,,,00.000000857000,   0.01120,
,,,00.000000858000,   0.01120,
,,,00.000000859000,   0.01120,
,,,00.000000860000,   0.01120,
,,,00.000000861000,   0.01120,
,,,00.000000862000,   0.01120,
,,,00.000000863000,   0.01120,
,,,00.000000864000,   0.01120,
,,,00.000000865000,   0.01120,
,,,00.000000866000,   0.01120,
,,,00.000000867000,   0.01120,
,,,00.000000868000,   0.01120,
,,,00.000000869000,   0.01080,
,,,00.000000870000,   0.01080,
,,,00.000000871000,   0.01080,
,,,00.000000872000,   0.01080,
,,,00.000000873000,   0.01080,
,,,00.000000874000,   0.01080,
,,,00.000000875000,   0.01080,
,,,00.000000876000,   0.01080,
,,,00.000000877000,   0.01080,
,,,00.000000878000,   0.01120,
,,,00.000000879000,   0.01080,
,,,00.000000880000,   0.01080,
,,,00.000000881000,   0.01080,
,,,00.000000882000,   0.01080,
,,,00.000000883000,   0.01080,
,,,00.000000884000,   0.01080,
,,,00.000000885000,   0.01080,
,,,00.000000886000,   0.01080,
,,,00.000000887000,   0.01080,
,,,00.000000888000,   0.01080,
,,,00.000000889000,   0.01080,
,,,00.000000890000,   0.01080,
,,,00.000000891000,   0.01080,
,,,00.000000892000,   0.01080,
,,,00.000000893000,   0.01040,
,,,00.000000894000,   0.01040,
,,,00.000000895000,   0.01080,
,,,00.000000896000,   0.01040,
,,,00.000000897000,   0.01040,
,,,00.000000898000,   0.01040,
,,,00.000000899000,   0.01040,
,,,00.000000900000,   0.01040,
,,,00.000000901000,   0.01040,
,,,00.000000902000,   0.01040,
,,,00.000000903000,   0.01040,
,,,00.000000904000,   0.01040,
,,,00.000000905000,   0.01040,
,,,00.000000906000,   0.01040,
,,,00.000000907000,   0.01040,
,,,00.000000908000,   0.01040,
,,,00.000000909000,   0.01040,
,,,00.000000910000,   0.01040,
,,,00.000000911000,   0.01040,
,,,00.000000912000,   0.01000,
,,,00.000000913000,   0.01000,
,,,00.000000914000,   0.01040,
,,,00.000000915000,   0.01040,
,,,00.000000916000,   0.01040,
,,,00.000000917000,   0.01040,
,,,00.000000918000,   0.01040,
,,,00.000000919000,   0.01000,
,,,00.000000920000,   0.01000,
,,,00.000000921000,   0.01000,
,,,00.000000922000,   0.01000,
,,,00.000000923000,   0.01000,
,,,00.000000924000,   0.01000,
,,,00.000000925000,   0.01000,
,,,00.000000926000,   0.01000,
,,,00.000000927000,   0.01000,
,,,00.000000928000,   0.01000,
,,,00.000000929000,   0.01000,
,,,00.000000930000,   0.01000,
,,,00.000000931000,   0.00960,
,,,00.000000932000,   0.01000,
,,,00.000000933000,   0.01000,
,,,00.000000934000,   0.01000,
,,,00.000000935000,   0.01000,
,,,00.000000936000,   0.01000,
,,,00.000000937000,   0.01000,
,,,00.000000938000,   0.01000,
,,,00.000000939000,   0.01000,
,,,00.000000940000,   0.01000,
,,,00.000000941000,   0.01000,
,,,00.000000942000,   0.01000,
,,,00.000000943000,   0.00960,
,,,00.000000944000,   0.00960,
,,,00.000000945000,   0.01000,
,,,00.000000946000,   0.00960,
,,,00.000000947000,   0.00960,
,,,00.000000948000,   0.01000,
,,,00.000000949000,   0.00960,
,,,00.000000950000,   0.00960,
,,,00.000000951000,   0.00960,
,,,00.000000952000,   0.00960,
,,,00.000000953000,   0.00960,
,,,00.000000954000,   0.00960,
,,,00.000000955000,   0.00960,
,,,00.000000956000,   0.00960,
,,,00.000000957000,   0.00960,
,,,00.000000958000,   0.00960,
,,,00.000000959000,   0.00960,
,,,00.000000960000,   0.00960,
,,,00.000000961000,   0.00960,
,,,00.000000962000,   0.00960,
,,,00.000000963000,   0.00920,
,,,00.000000964000,   0.00920,
,,,00.000000965000,   0.00920,
,,,00.000000966000,   0.00920,
,,,00.000000967000,   0.00920,
,,,00.000000968000,   0.00920,
,,,00.000000969000,   0.00920,
,,,00.000000970000,   0.00920,
,,,00.000000971000,   0.00920,
,,,00.000000972000,   0.00920,
,,,00.000000973000,   0.00920,
,,,00.000000974000,   0.00920,
,,,00.000000975000,   0.00960,
,,,00.000000976000,   0.00960,
,,,00.000000977000,   0.00960,
,,,00.000000978000,   0.00960,
,,,00.000000979000,   0.00960,
,,,00.000000980000,   0.00920,
,,,00.000000981000,   0.00920,
,,,00.000000982000,   0.00920,
,,,00.000000983000,   0.00920,
,,,00.000000984000,   0.00920,
,,,00.000000985000,   0.00920,
,,,00.000000986000,   0.00920,
,,,00.000000987000,   0.00920,
,,,00.000000988000,   0.00920,
,,,00.000000989000,   0.00880,
,,,00.000000990000,   0.00920,
,,,00.000000991000,   0.00920,
,,,00.000000992000,   0.00880,
,,,00.000000993000,   0.00880,
,,,00.000000994000,   0.00880,
,,,00.000000995000,   0.00880,
,,,00.000000996000,   0.00880,
,,,00.000000997000,   0.00880,
,,,00.000000998000,   0.00880,
,,,00.000000999000,   0.00880,
,,,00.000001000000,   0.00880,
,,,00.000001001000,   0.00880,
,,,00.000001002000,   0.00880,
,,,00.000001003000,   0.00880,
,,,00.000001004000,   0.00880,
,,,00.000001005000,   0.00880,
,,,00.000001006000,   0.00880,
,,,00.000001007000,   0.00880,
,,,00.000001008000,   0.00880,
,,,00.000001009000,   0.00880,
,,,00.000001010000,   0.00880,
,,,00.000001011000,   0.00880,
,,,00.000001012000,   0.00880,
,,,00.000001013000,   0.00880,
,,,00.000001014000,   0.00880,
,,,00.000001015000,   0.00840,
,,,00.000001016000,   0.00880,
,,,00.000001017000,   0.00880,
,,,00.000001018000,   0.00880,
,,,00.000001019000,   0.00880,
,,,00.000001020000,   0.00880,
,,,00.000001021000,   0.00840,
,,,00.000001022000,   0.00840,
,,,00.000001023000,   0.00840,
,,,00.000001024000,   0.00840,
,,,00.000001025000,   0.00840,
,,,00.000001026000,   0.00880,
,,,00.000001027000,   0.00880,
,,,00.000001028000,   0.00840,
,,,00.000001029000,   0.00840,
,,,00.000001030000,   0.00840,
,,,00.000001031000,   0.00840,
,,,00.000001032000,   0.00840,
,,,00.000001033000,   0.00840,
,,,00.000001034000,   0.00840,
,,,00.000001035000,   0.00840,
,,,00.000001036000,   0.00840,
,,,00.000001037000,   0.00840,
,,,00.000001038000,   0.00840,
,,,00.000001039000,   0.00840,
,,,00.000001040000,   0.00840,
,,,00.000001041000,   0.00840,
,,,00.000001042000,   0.00840,
,,,00.000001043000,   0.00840,
,,,00.000001044000,   0.00840,
,,,00.000001045000,   0.00840,
,,,00.000001046000,   0.00800,
,,,00.000001047000,   0.00800,
,,,00.000001048000,   0.00800,
,,,00.000001049000,   0.00840,
,,,00.000001050000,   0.00840,
,,,00.000001051000,   0.00840,
,,,00.000001052000,   0.00800,
,,,00.000001053000,   0.00800,
,,,00.000001054000,   0.00800,
,,,00.000001055000,   0.00800,
,,,00.000001056000,   0.00840,
,,,00.000001057000,   0.00800,
,,,00.000001058000,   0.00800,
,,,00.000001059000,   0.00800,
,,,00.000001060000,   0.00800,
,,,00.000001061000,   0.00800,
,,,00.000001062000,   0.00800,
,,,00.000001063000,   0.00800,
,,,00.000001064000,   0.00800,
,,,00.000001065000,   0.00800,
,,,00.000001066000,   0.00800,
,,,00.000001067000,   0.00800,
,,,00.000001068000,   0.00800,
,,,00.000001069000,   0.00800,
,,,00.000001070000,   0.00800,
,,,00.000001071000,   0.00760,
,,,00.000001072000,   0.00760,
,,,00.000001073000,   0.00800,
,,,00.000001074000,   0.00800,
,,,00.000001075000,   0.00800,
,,,00.000001076000,   0.00760,
,,,00.000001077000,   0.00800,
,,,00.000001078000,   0.00760,
,,,00.000001079000,   0.00800,
,,,00.000001080000,   0.00760,
,,,00.000001081000,   0.00800,
,,,00.000001082000,   0.00760,
,,,00.000001083000,   0.00760,
,,,00.000001084000,   0.00760,
,,,00.000001085000,   0.00760,
,,,00.000001086000,   0.00760,
,,,00.000001087000,   0.00760,
,,,00.000001088000,   0.00800,
,,,00.000001089000,   0.00760,
,,,00.000001090000,   0.00800,
,,,00.000001091000,   0.00800,
,,,00.000001092000,   0.00800,
,,,00.000001093000,   0.00800,
,,,00.000001094000,   0.00760,
,,,00.000001095000,   0.00760,
,,,00.000001096000,   0.00760,
,,,00.000001097000,   0.00760,
,,,00.000001098000,   0.00760,
,,,00.000001099000,   0.00760,
,,,00.000001100000,   0.00760,
,,,00.000001101000,   0.00760,
,,,00.000001102000,   0.00760,
,,,00.000001103000,   0.00760,
,,,00.000001104000,   0.00760,
,,,00.000001105000,   0.00760,
,,,00.000001106000,   0.00760,
,,,00.000001107000,   0.00760,
,,,00.000001108000,   0.00760,
,,,00.000001109000,   0.00760,
,,,00.000001110000,   0.00760,
,,,00.000001111000,   0.00720,
,,,00.000001112000,   0.00720,
,,,00.000001113000,   0.00720,
,,,00.000001114000,   0.00720,
,,,00.000001115000,   0.00720,
,,,00.000001116000,   0.00720,
,,,00.000001117000,   0.00720,
,,,00.000001118000,   0.00720,
,,,00.000001119000,   0.00720,
,,,00.000001120000,   0.00720,
,,,00.000001121000,   0.00720,
,,,00.000001122000,   0.00760,
,,,00.000001123000,   0.00720,
,,,00.000001124000,   0.00720,
,,,00.000001125000,   0.00760,
,,,00.000001126000,   0.00720,
,,,00.000001127000,   0.00720,
,,,00.000001128000,   0.00720,
,,,00.000001129000,   0.00760,
,,,00.000001130000,   0.00760,
,,,00.000001131000,   0.00720,
,,,00.000001132000,   0.00760,
,,,00.000001133000,   0.00720,
,,,00.000001134000,   0.00720,
,,,00.000001135000,   0.00720,
,,,00.000001136000,   0.00720,
,,,00.000001137000,   0.00720,
,,,00.000001138000,   0.00720,
,,,00.000001139000,   0.00720,
,,,00.000001140000,   0.00720,
,,,00.000001141000,   0.00720,
,,,00.000001142000,   0.00720,
,,,00.000001143000,   0.00720,
,,,00.000001144000,   0.00720,
,,,00.000001145000,   0.00720,
,,,00.000001146000,   0.00720,
,,,00.000001147000,   0.00720,
,,,00.000001148000,   0.00720,
,,,00.000001149000,   0.00720,
,,,00.000001150000,   0.00720,
,,,00.000001151000,   0.00720,
,,,00.000001152000,   0.00720,
,,,00.000001153000,   0.00680,
,,,00.000001154000,   0.00680,
,,,00.000001155000,   0.00720,
,,,00.000001156000,   0.00680,
,,,00.000001157000,   0.00680,
,,,00.000001158000,   0.00680,
,,,00.000001159000,   0.00680,
,,,00.000001160000,   0.00680,
,,,00.000001161000,   0.00680,
,,,00.000001162000,   0.00680,
,,,00.000001163000,   0.00720,
,,,00.000001164000,   0.00720,
,,,00.000001165000,   0.00680,
,,,00.000001166000,   0.00680,
,,,00.000001167000,   0.00680,
,,,00.000001168000,   0.00680,
,,,00.000001169000,   0.00680,
,,,00.000001170000,   0.00680,
,,,00.000001171000,   0.00680,
,,,00.000001172000,   0.00680,
,,,00.000001173000,   0.00680,
,,,00.000001174000,   0.00680,
,,,00.000001175000,   0.00680,
,,,00.000001176000,   0.00680,
,,,00.000001177000,   0.00680,
,,,00.000001178000,   0.00680,
,,,00.000001179000,   0.00680,
,,,00.000001180000,   0.00680,
,,,00.000001181000,   0.00680,
,,,00.000001182000,   0.00680,
,,,00.000001183000,   0.00680,
,,,00.000001184000,   0.00680,
,,,00.000001185000,   0.00680,
,,,00.000001186000,   0.00680,
,,,00.000001187000,   0.00680,
,,,00.000001188000,   0.00680,
,,,00.000001189000,   0.00680,
,,,00.000001190000,   0.00640,
,,,00.000001191000,   0.00680,
,,,00.000001192000,   0.00680,
,,,00.000001193000,   0.00680,
,,,00.000001194000,   0.00640,
,,,00.000001195000,   0.00640,
,,,00.000001196000,   0.00640,
,,,00.000001197000,   0.00640,
,,,00.000001198000,   0.00640,
,,,00.000001199000,   0.00680,
,,,00.000001200000,   0.00680,
,,,00.000001201000,   0.00680,
,,,00.000001202000,   0.00640,
,,,00.000001203000,   0.00640,
,,,00.000001204000,   0.00640,
,,,00.000001205000,   0.00640,
,,,00.000001206000,   0.00640,
,,,00.000001207000,   0.00640,
,,,00.000001208000,   0.00640,
,,,00.000001209000,   0.00640,
,,,00.000001210000,   0.00640,
,,,00.000001211000,   0.00640,
,,,00.000001212000,   0.00640,
,,,00.000001213000,   0.00640,
,,,00.000001214000,   0.00640,
,,,00.000001215000,   0.00640,
,,,00.000001216000,   0.00640,
,,,00.000001217000,   0.00640,
,,,00.000001218000,   0.00640,
,,,00.000001219000,   0.00640,
,,,00.000001220000,   0.00640,
,,,00.000001221000,   0.00640,
,,,00.000001222000,   0.00640,
,,,00.000001223000,   0.00640,
,,,00.000001224000,   0.00640,
,,,00.000001225000,   0.00640,
,,,00.000001226000,   0.00600,
,,,00.000001227000,   0.00600,
,,,00.000001228000,   0.00640,
,,,00.000001229000,   0.00600,
,,,00.000001230000,   0.00600,
,,,00.000001231000,   0.00640,
,,,00.000001232000,   0.00600,
,,,00.000001233000,   0.00600,
,,,00.000001234000,   0.00600,
,,,00.000001235000,   0.00600,
,,,00.000001236000,   0.00600,
,,,00.000001237000,   0.00640,
,,,00.000001238000,   0.00640,
,,,00.000001239000,   0.00600,
,,,00.000001240000,   0.00600,
,,,00.000001241000,   0.00640,
,,,00.000001242000,   0.00600,
,,,00.000001243000,   0.00600,
,,,00.000001244000,   0.00600,
,,,00.000001245000,   0.00600,
,,,00.000001246000,   0.00600,
,,,00.000001247000,   0.00600,
,,,00.000001248000,   0.00600,
,,,00.000001249000,   0.00600,
,,,00.000001250000,   0.00600,
,,,00.000001251000,   0.00600,
,,,00.000001252000,   0.00600,
,,,00.000001253000,   0.00600,
,,,00.000001254000,   0.00600,
,,,00.000001255000,   0.00600,
,,,00.000001256000,   0.00600,
,,,00.000001257000,   0.00600,
,,,00.000001258000,   0.00600,
,,,00.000001259000,   0.00600,
,,,00.000001260000,   0.00600,
,,,00.000001261000,   0.00600,
,,,00.000001262000,   0.00600,
,,,00.000001263000,   0.00600,
,,,00.000001264000,   0.00600,
,,,00.000001265000,   0.00600,
,,,00.000001266000,   0.00600,
,,,00.000001267000,   0.00600,
,,,00.000001268000,   0.00600,
,,,00.000001269000,   0.00600,
,,,00.000001270000,   0.00600,
,,,00.000001271000,   0.00600,
,,,00.000001272000,   0.00600,
,,,00.000001273000,   0.00600,
,,,00.000001274000,   0.00600,
,,,00.000001275000,   0.00600,
,,,00.000001276000,   0.00600,
,,,00.000001277000,   0.00600,
,,,00.000001278000,   0.00600,
,,,00.000001279000,   0.00600,
,,,00.000001280000,   0.00560,
,,,00.000001281000,   0.00600,
,,,00.000001282000,   0.00560,
,,,00.000001283000,   0.00600,
,,,00.000001284000,   0.00560,
,,,00.000001285000,   0.00560,
,,,00.000001286000,   0.00560,
,,,00.000001287000,   0.00600,
,,,00.000001288000,   0.00560,
,,,00.000001289000,   0.00560,
,,,00.000001290000,   0.00560,
,,,00.000001291000,   0.00600,
,,,00.000001292000,   0.00560,
,,,00.000001293000,   0.00560,
,,,00.000001294000,   0.00560,
,,,00.000001295000,   0.00560,
,,,00.000001296000,   0.00560,
,,,00.000001297000,   0.00560,
,,,00.000001298000,   0.00560,
,,,00.000001299000,   0.00560,
,,,00.000001300000,   0.00560,
,,,00.000001301000,   0.00560,
,,,00.000001302000,   0.00560,
,,,00.000001303000,   0.00560,
,,,00.000001304000,   0.00560,
,,,00.000001305000,   0.00560,
,,,00.000001306000,   0.00560,
,,,00.000001307000,   0.00560,
,,,00.000001308000,   0.00560,
,,,00.000001309000,   0.00560,
,,,00.000001310000,   0.00560,
,,,00.000001311000,   0.00560,
,,,00.000001312000,   0.00560,
,,,00.000001313000,   0.00560,
,,,00.000001314000,   0.00560,
,,,00.000001315000,   0.00520,
,,,00.000001316000,   0.00560,
,,,00.000001317000,   0.00560,
,,,00.000001318000,   0.00560,
,,,00.000001319000,   0.00560,
,,,00.000001320000,   0.00560,
,,,00.000001321000,   0.00560,
,,,00.000001322000,   0.00560,
,,,00.000001323000,   0.00560,
,,,00.000001324000,   0.00560,
,,,00.000001325000,   0.00560,
,,,00.000001326000,   0.00520,
,,,00.000001327000,   0.00560,
,,,00.000001328000,   0.00560,
,,,00.000001329000,   0.00520,
,,,00.000001330000,   0.00560,
,,,00.000001331000,   0.00520,
,,,00.000001332000,   0.00520,
,,,00.000001333000,   0.00560,
,,,00.000001334000,   0.00520,
,,,00.000001335000,   0.00520,
,,,00.000001336000,   0.00520,
,,,00.000001337000,   0.00560,
,,,00.000001338000,   0.00520,
,,,00.000001339000,   0.00520,
,,,00.000001340000,   0.00520,
,,,00.000001341000,   0.00560,
,,,00.000001342000,   0.00560,
,,,00.000001343000,   0.00520,
,,,00.000001344000,   0.00520,
,,,00.000001345000,   0.00520,
,,,00.000001346000,   0.00520,
,,,00.000001347000,   0.00560,
,,,00.000001348000,   0.00520,
,,,00.000001349000,   0.00520,
,,,00.000001350000,   0.00520,
,,,00.000001351000,   0.00520,
,,,00.000001352000,   0.00520,
,,,00.000001353000,   0.00520,
,,,00.000001354000,   0.00520,
,,,00.000001355000,   0.00520,
,,,00.000001356000,   0.00520,
,,,00.000001357000,   0.00560,
,,,00.000001358000,   0.00520,
,,,00.000001359000,   0.00520,
,,,00.000001360000,   0.00520,
,,,00.000001361000,   0.00520,
,,,00.000001362000,   0.00520,
,,,00.000001363000,   0.00520,
,,,00.000001364000,   0.00520,
,,,00.000001365000,   0.00520,
,,,00.000001366000,   0.00520,
,,,00.000001367000,   0.00520,
,,,00.000001368000,   0.00520,
,,,00.000001369000,   0.00520,
,,,00.000001370000,   0.00520,
,,,00.000001371000,   0.00520,
,,,00.000001372000,   0.00520,
,,,00.000001373000,   0.00520,
,,,00.000001374000,   0.00520,
,,,00.000001375000,   0.00520,
,,,00.000001376000,   0.00520,
,,,00.000001377000,   0.00520,
,,,00.000001378000,   0.00520,
,,,00.000001379000,   0.00480,
,,,00.000001380000,   0.00520,
,,,00.000001381000,   0.00520,
,,,00.000001382000,   0.00520,
,,,00.000001383000,   0.00520,
,,,00.000001384000,   0.00520,
,,,00.000001385000,   0.00520,
,,,00.000001386000,   0.00520,
,,,00.000001387000,   0.00520,
,,,00.000001388000,   0.00520,
,,,00.000001389000,   0.00520,
,,,00.000001390000,   0.00520,
,,,00.000001391000,   0.00480,
,,,00.000001392000,   0.00520,
,,,00.000001393000,   0.00480,
,,,00.000001394000,   0.00480,
,,,00.000001395000,   0.00480,
,,,00.000001396000,   0.00480,
,,,00.000001397000,   0.00480,
,,,00.000001398000,   0.00520,
,,,00.000001399000,   0.00480,
,,,00.000001400000,   0.00520,
,,,00.000001401000,   0.00480,
,,,00.000001402000,   0.00480,
,,,00.000001403000,   0.00480,
,,,00.000001404000,   0.00480,
,,,00.000001405000,   0.00520,
,,,00.000001406000,   0.00520,
,,,00.000001407000,   0.00520,
,,,00.000001408000,   0.00480,
,,,00.000001409000,   0.00480,
,,,00.000001410000,   0.00520,
,,,00.000001411000,   0.00480,
,,,00.000001412000,   0.00480,
,,,00.000001413000,   0.00480,
,,,00.000001414000,   0.00480,
,,,00.000001415000,   0.00480,
,,,00.000001416000,   0.00480,
,,,00.000001417000,   0.00480,
,,,00.000001418000,   0.00480,
,,,00.000001419000,   0.00480,
,,,00.000001420000,   0.00480,
,,,00.000001421000,   0.00520,
,,,00.000001422000,   0.00480,
,,,00.000001423000,   0.00480,
,,,00.000001424000,   0.00480,
,,,00.000001425000,   0.00480,
,,,00.000001426000,   0.00480,
,,,00.000001427000,   0.00480,
,,,00.000001428000,   0.00480,
,,,00.000001429000,   0.00480,
,,,00.000001430000,   0.00480,
,,,00.000001431000,   0.00480,
,,,00.000001432000,   0.00480,
,,,00.000001433000,   0.00440,
,,,00.000001434000,   0.00480,
,,,00.000001435000,   0.00480,
,,,00.000001436000,   0.00480,
,,,00.000001437000,   0.00480,
,,,00.000001438000,   0.00480,
,,,00.000001439000,   0.00480,
,,,00.000001440000,   0.00480,
,,,00.000001441000,   0.00440,
,,,00.000001442000,   0.00480,
,,,00.000001443000,   0.00480,
,,,00.000001444000,   0.00440,
,,,00.000001445000,   0.00480,
,,,00.000001446000,   0.00480,
,,,00.000001447000,   0.00480,
,,,00.000001448000,   0.00480,
,,,00.000001449000,   0.00480,
,,,00.000001450000,   0.00480,
,,,00.000001451000,   0.00480,
,,,00.000001452000,   0.00480,
,,,00.000001453000,   0.00480,
,,,00.000001454000,   0.00480,
,,,00.000001455000,   0.00480,
,,,00.000001456000,   0.00480,
,,,00.000001457000,   0.00480,
,,,00.000001458000,   0.00440,
,,,00.000001459000,   0.00480,
,,,00.000001460000,   0.00480,
,,,00.000001461000,   0.00440,
,,,00.000001462000,   0.00480,
,,,00.000001463000,   0.00440,
,,,00.000001464000,   0.00440,
,,,00.000001465000,   0.00440,
,,,00.000001466000,   0.00440,
,,,00.000001467000,   0.00440,
,,,00.000001468000,   0.00440,
,,,00.000001469000,   0.00440,
,,,00.000001470000,   0.00480,
,,,00.000001471000,   0.00440,
,,,00.000001472000,   0.00440,
,,,00.000001473000,   0.00440,
,,,00.000001474000,   0.00440,
,,,00.000001475000,   0.00440,
,,,00.000001476000,   0.00440,
,,,00.000001477000,   0.00440,
,,,00.000001478000,   0.00440,
,,,00.000001479000,   0.00440,
,,,00.000001480000,   0.00440,
,,,00.000001481000,   0.00440,
,,,00.000001482000,   0.00440,
,,,00.000001483000,   0.00440,
,,,00.000001484000,   0.00440,
,,,00.000001485000,   0.00440,
,,,00.000001486000,   0.00440,
,,,00.000001487000,   0.00440,
,,,00.000001488000,   0.00440,
,,,00.000001489000,   0.00440,
,,,00.000001490000,   0.00440,
,,,00.000001491000,   0.00440,
,,,00.000001492000,   0.00440,
,,,00.000001493000,   0.00440,
,,,00.000001494000,   0.00440,
,,,00.000001495000,   0.00440,
,,,00.000001496000,   0.00440,
,,,00.000001497000,   0.00480,
,,,00.000001498000,   0.00480,
,,,00.000001499000,   0.00440,
,,,00.000001500000,   0.00440,
,,,00.000001501000,   0.00440,
,,,00.000001502000,   0.00440,
,,,00.000001503000,   0.00440,
,,,00.000001504000,   0.00440,
,,,00.000001505000,   0.00440,
,,,00.000001506000,   0.00440,
,,,00.000001507000,   0.00440,
,,,00.000001508000,   0.00440,
,,,00.000001509000,   0.00440,
,,,00.000001510000,   0.00440,
,,,00.000001511000,   0.00440,
,,,00.000001512000,   0.00440,
,,,00.000001513000,   0.00400,
,,,00.000001514000,   0.00400,
,,,00.000001515000,   0.00440,
,,,00.000001516000,   0.00440,
,,,00.000001517000,   0.00440,
,,,00.000001518000,   0.00440,
,,,00.000001519000,   0.00440,
,,,00.000001520000,   0.00400,
,,,00.000001521000,   0.00440,
,,,00.000001522000,   0.00400,
,,,00.000001523000,   0.00400,
,,,00.000001524000,   0.00440,
,,,00.000001525000,   0.00440,
,,,00.000001526000,   0.00440,
,,,00.000001527000,   0.00440,
,,,00.000001528000,   0.00440,
,,,00.000001529000,   0.00400,
,,,00.000001530000,   0.00440,
,,,00.000001531000,   0.00440,
,,,00.000001532000,   0.00440,
,,,00.000001533000,   0.00440,
,,,00.000001534000,   0.00440,
,,,00.000001535000,   0.00400,
,,,00.000001536000,   0.00400,
,,,00.000001537000,   0.00400,
,,,00.000001538000,   0.00400,
,,,00.000001539000,   0.00400,
,,,00.000001540000,   0.00400,
,,,00.000001541000,   0.00400,
,,,00.000001542000,   0.00400,
,,,00.000001543000,   0.00400,
,,,00.000001544000,   0.00400,
,,,00.000001545000,   0.00440,
,,,00.000001546000,   0.00440,
,,,00.000001547000,   0.00440,
,,,00.000001548000,   0.00440,
,,,00.000001549000,   0.00400,
,,,00.000001550000,   0.00400,
,,,00.000001551000,   0.00400,
,,,00.000001552000,   0.00400,
,,,00.000001553000,   0.00400,
,,,00.000001554000,   0.00400,
,,,00.000001555000,   0.00440,
,,,00.000001556000,   0.00400,
,,,00.000001557000,   0.00400,
,,,00.000001558000,   0.00400,
,,,00.000001559000,   0.00400,
,,,00.000001560000,   0.00400,
,,,00.000001561000,   0.00400,
,,,00.000001562000,   0.00400,
,,,00.000001563000,   0.00400,
,,,00.000001564000,   0.00400,
,,,00.000001565000,   0.00400,
,,,00.000001566000,   0.00400,
,,,00.000001567000,   0.00400,
,,,00.000001568000,   0.00400,
,,,00.000001569000,   0.00400,
,,,00.000001570000,   0.00400,
,,,00.000001571000,   0.00440,
,,,00.000001572000,   0.00400,
,,,00.000001573000,   0.00400,
,,,00.000001574000,   0.00400,
,,,00.000001575000,   0.00400,
,,,00.000001576000,   0.00400,
,,,00.000001577000,   0.00400,
,,,00.000001578000,   0.00400,
,,,00.000001579000,   0.00400,
,,,00.000001580000,   0.00400,
,,,00.000001581000,   0.00400,
,,,00.000001582000,   0.00400,
,,,00.000001583000,   0.00400,
,,,00.000001584000,   0.00400,
,,,00.000001585000,   0.00400,
,,,00.000001586000,   0.00400,
,,,00.000001587000,   0.00400,
,,,00.000001588000,   0.00400,
,,,00.000001589000,   0.00400,
,,,00.000001590000,   0.00400,
,,,00.000001591000,   0.00400,
,,,00.000001592000,   0.00400,
,,,00.000001593000,   0.00400,
,,,00.000001594000,   0.00400,
,,,00.000001595000,   0.00400,
,,,00.000001596000,   0.00400,
,,,00.000001597000,   0.00400,
,,,00.000001598000,   0.00400,
,,,00.000001599000,   0.00400,
,,,00.000001600000,   0.00400,
,,,00.000001601000,   0.00400,
,,,00.000001602000,   0.00400,
,,,00.000001603000,   0.00400,
,,,00.000001604000,   0.00400,
,,,00.000001605000,   0.00400,
,,,00.000001606000,   0.00400,
,,,00.000001607000,   0.00400,
,,,00.000001608000,   0.00400,
,,,00.000001609000,   0.00360,
,,,00.000001610000,   0.00360,
,,,00.000001611000,   0.00400,
,,,00.000001612000,   0.00400,
,,,00.000001613000,   0.00400,
,,,00.000001614000,   0.00400,
,,,00.000001615000,   0.00400,
,,,00.000001616000,   0.00360,
,,,00.000001617000,   0.00400,
,,,00.000001618000,   0.00360,
,,,00.000001619000,   0.00360,
,,,00.000001620000,   0.00400,
,,,00.000001621000,   0.00360,
,,,00.000001622000,   0.00400,
,,,00.000001623000,   0.00400,
,,,00.000001624000,   0.00360,
,,,00.000001625000,   0.00360,
,,,00.000001626000,   0.00360,
,,,00.000001627000,   0.00400,
,,,00.000001628000,   0.00360,
,,,00.000001629000,   0.00360,
,,,00.000001630000,   0.00360,
,,,00.000001631000,   0.00360,
,,,00.000001632000,   0.00400,
,,,00.000001633000,   0.00400,
,,,00.000001634000,   0.00400,
,,,00.000001635000,   0.00360,
,,,00.000001636000,   0.00360,
,,,00.000001637000,   0.00400,
,,,00.000001638000,   0.00360,
,,,00.000001639000,   0.00360,
,,,00.000001640000,   0.00400,
,,,00.000001641000,   0.00360,
,,,00.000001642000,   0.00360,
,,,00.000001643000,   0.00360,
,,,00.000001644000,   0.00400,
,,,00.000001645000,   0.00400,
,,,00.000001646000,   0.00360,
,,,00.000001647000,   0.00360,
,,,00.000001648000,   0.00360,
,,,00.000001649000,   0.00360,
,,,00.000001650000,   0.00360,
,,,00.000001651000,   0.00360,
,,,00.000001652000,   0.00360,
,,,00.000001653000,   0.00360,
,,,00.000001654000,   0.00400,
,,,00.000001655000,   0.00360,
,,,00.000001656000,   0.00360,
,,,00.000001657000,   0.00360,
,,,00.000001658000,   0.00360,
,,,00.000001659000,   0.00360,
,,,00.000001660000,   0.00360,
,,,00.000001661000,   0.00360,
,,,00.000001662000,   0.00360,
,,,00.000001663000,   0.00360,
,,,00.000001664000,   0.00360,
,,,00.000001665000,   0.00360,
,,,00.000001666000,   0.00360,
,,,00.000001667000,   0.00360,
,,,00.000001668000,   0.00360,
,,,00.000001669000,   0.00360,
,,,00.000001670000,   0.00360,
,,,00.000001671000,   0.00360,
,,,00.000001672000,   0.00360,
,,,00.000001673000,   0.00360,
,,,00.000001674000,   0.00360,
,,,00.000001675000,   0.00360,
,,,00.000001676000,   0.00360,
,,,00.000001677000,   0.00360,
,,,00.000001678000,   0.00360,
,,,00.000001679000,   0.00360,
,,,00.000001680000,   0.00360,
,,,00.000001681000,   0.00360,
,,,00.000001682000,   0.00360,
,,,00.000001683000,   0.00360,
,,,00.000001684000,   0.00360,
,,,00.000001685000,   0.00360,
,,,00.000001686000,   0.00360,
,,,00.000001687000,   0.00360,
,,,00.000001688000,   0.00360,
,,,00.000001689000,   0.00360,
,,,00.000001690000,   0.00360,
,,,00.000001691000,   0.00360,
,,,00.000001692000,   0.00360,
,,,00.000001693000,   0.00360,
,,,00.000001694000,   0.00360,
,,,00.000001695000,   0.00360,
,,,00.000001696000,   0.00360,
,,,00.000001697000,   0.00360,
,,,00.000001698000,   0.00360,
,,,00.000001699000,   0.00360,
,,,00.000001700000,   0.00360,
,,,00.000001701000,   0.00360,
,,,00.000001702000,   0.00360,
,,,00.000001703000,   0.00360,
,,,00.000001704000,   0.00360,
,,,00.000001705000,   0.00320,
,,,00.000001706000,   0.00360,
,,,00.000001707000,   0.00360,
,,,00.000001708000,   0.00320,
,,,00.000001709000,   0.00320,
,,,00.000001710000,   0.00360,
,,,00.000001711000,   0.00320,
,,,00.000001712000,   0.00360,
,,,00.000001713000,   0.00360,
,,,00.000001714000,   0.00360,
,,,00.000001715000,   0.00360,
,,,00.000001716000,   0.00360,
,,,00.000001717000,   0.00320,
,,,00.000001718000,   0.00360,
,,,00.000001719000,   0.00360,
,,,00.000001720000,   0.00360,
,,,00.000001721000,   0.00360,
,,,00.000001722000,   0.00320,
,,,00.000001723000,   0.00320,
,,,00.000001724000,   0.00320,
,,,00.000001725000,   0.00320,
,,,00.000001726000,   0.00320,
,,,00.000001727000,   0.00320,
,,,00.000001728000,   0.00320,
,,,00.000001729000,   0.00360,
,,,00.000001730000,   0.00360,
,,,00.000001731000,   0.00360,
,,,00.000001732000,   0.00360,
,,,00.000001733000,   0.00360,
,,,00.000001734000,   0.00360,
,,,00.000001735000,   0.00320,
,,,00.000001736000,   0.00320,
,,,00.000001737000,   0.00320,
,,,00.000001738000,   0.00320,
,,,00.000001739000,   0.00320,
,,,00.000001740000,   0.00320,
,,,00.000001741000,   0.00320,
,,,00.000001742000,   0.00320,
,,,00.000001743000,   0.00320,
,,,00.000001744000,   0.00320,
,,,00.000001745000,   0.00320,
,,,00.000001746000,   0.00320,
,,,00.000001747000,   0.00320,
,,,00.000001748000,   0.00320,
,,,00.000001749000,   0.00320,
,,,00.000001750000,   0.00320,
,,,00.000001751000,   0.00320,
,,,00.000001752000,   0.00320,
,,,00.000001753000,   0.00320,
,,,00.000001754000,   0.00320,
,,,00.000001755000,   0.00320,
,,,00.000001756000,   0.00320,
,,,00.000001757000,   0.00320,
,,,00.000001758000,   0.00320,
,,,00.000001759000,   0.00320,
,,,00.000001760000,   0.00320,
,,,00.000001761000,   0.00320,
,,,00.000001762000,   0.00320,
,,,00.000001763000,   0.00320,
,,,00.000001764000,   0.00320,
,,,00.000001765000,   0.00320,
,,,00.000001766000,   0.00320,
,,,00.000001767000,   0.00320,
,,,00.000001768000,   0.00320,
,,,00.000001769000,   0.00360,
,,,00.000001770000,   0.00360,
,,,00.000001771000,   0.00320,
,,,00.000001772000,   0.00320,
,,,00.000001773000,   0.00320,
,,,00.000001774000,   0.00320,
,,,00.000001775000,   0.00320,
,,,00.000001776000,   0.00320,
,,,00.000001777000,   0.00320,
,,,00.000001778000,   0.00320,
,,,00.000001779000,   0.00320,
,,,00.000001780000,   0.00320,
,,,00.000001781000,   0.00320,
,,,00.000001782000,   0.00320,
,,,00.000001783000,   0.00320,
,,,00.000001784000,   0.00320,
,,,00.000001785000,   0.00320,
,,,00.000001786000,   0.00320,
,,,00.000001787000,   0.00320,
,,,00.000001788000,   0.00320,
,,,00.000001789000,   0.00280,
,,,00.000001790000,   0.00320,
,,,00.000001791000,   0.00320,
,,,00.000001792000,   0.00320,
,,,00.000001793000,   0.00320,
,,,00.000001794000,   0.00320,
,,,00.000001795000,   0.00320,
,,,00.000001796000,   0.00320,
,,,00.000001797000,   0.00280,
,,,00.000001798000,   0.00320,
,,,00.000001799000,   0.00320,
,,,00.000001800000,   0.00280,
,,,00.000001801000,   0.00280,
,,,00.000001802000,   0.00320,
,,,00.000001803000,   0.00280,
,,,00.000001804000,   0.00280,
,,,00.000001805000,   0.00320,
,,,00.000001806000,   0.00280,
,,,00.000001807000,   0.00280,
,,,00.000001808000,   0.00320,
,,,00.000001809000,   0.00320,
,,,00.000001810000,   0.00320,
,,,00.000001811000,   0.00320,
,,,00.000001812000,   0.00280,
,,,00.000001813000,   0.00320,
,,,00.000001814000,   0.00320,
,,,00.000001815000,   0.00280,
,,,00.000001816000,   0.00280,
,,,00.000001817000,   0.00280,
,,,00.000001818000,   0.00320,
,,,00.000001819000,   0.00320,
,,,00.000001820000,   0.00320,
,,,00.000001821000,   0.00280,
,,,00.000001822000,   0.00320,
,,,00.000001823000,   0.00320,
,,,00.000001824000,   0.00280,
,,,00.000001825000,   0.00320,
,,,00.000001826000,   0.00280,
,,,00.000001827000,   0.00320,
,,,00.000001828000,   0.00320,
,,,00.000001829000,   0.00280,
,,,00.000001830000,   0.00320,
,,,00.000001831000,   0.00280,
,,,00.000001832000,   0.00320,
,,,00.000001833000,   0.00280,
,,,00.000001834000,   0.00280,
,,,00.000001835000,   0.00280,
,,,00.000001836000,   0.00320,
,,,00.000001837000,   0.00320,
,,,00.000001838000,   0.00320,
,,,00.000001839000,   0.00320,
,,,00.000001840000,   0.00280,
,,,00.000001841000,   0.00280,
,,,00.000001842000,   0.00280,
,,,00.000001843000,   0.00280,
,,,00.000001844000,   0.00320,
,,,00.000001845000,   0.00280,
,,,00.000001846000,   0.00280,
,,,00.000001847000,   0.00280,
,,,00.000001848000,   0.00280,
,,,00.000001849000,   0.00280,
,,,00.000001850000,   0.00280,
,,,00.000001851000,   0.00280,
,,,00.000001852000,   0.00320,
,,,00.000001853000,   0.00280,
,,,00.000001854000,   0.00280,
,,,00.000001855000,   0.00280,
,,,00.000001856000,   0.00280,
,,,00.000001857000,   0.00320,
,,,00.000001858000,   0.00280,
,,,00.000001859000,   0.00280,
,,,00.000001860000,   0.00280,
,,,00.000001861000,   0.00280,
,,,00.000001862000,   0.00280,
,,,00.000001863000,   0.00320,
,,,00.000001864000,   0.00320,
,,,00.000001865000,   0.00280,
,,,00.000001866000,   0.00280,
,,,00.000001867000,   0.00280,
,,,00.000001868000,   0.00320,
,,,00.000001869000,   0.00280,
,,,00.000001870000,   0.00280,
,,,00.000001871000,   0.00280,
,,,00.000001872000,   0.00280,
,,,00.000001873000,   0.00280,
,,,00.000001874000,   0.00280,
,,,00.000001875000,   0.00280,
,,,00.000001876000,   0.00280,
,,,00.000001877000,   0.00280,
,,,00.000001878000,   0.00280,
,,,00.000001879000,   0.00280,
,,,00.000001880000,   0.00280,
,,,00.000001881000,   0.00280,
,,,00.000001882000,   0.00320,
,,,00.000001883000,   0.00280,
,,,00.000001884000,   0.00280,
,,,00.000001885000,   0.00280,
,,,00.000001886000,   0.00280,
,,,00.000001887000,   0.00280,
,,,00.000001888000,   0.00280,
,,,00.000001889000,   0.00280,
,,,00.000001890000,   0.00280,
,,,00.000001891000,   0.00280,
,,,00.000001892000,   0.00280,
,,,00.000001893000,   0.00280,
,,,00.000001894000,   0.00280,
,,,00.000001895000,   0.00280,
,,,00.000001896000,   0.00280,
,,,00.000001897000,   0.00280,
,,,00.000001898000,   0.00280,
,,,00.000001899000,   0.00280,
,,,00.000001900000,   0.00280,
,,,00.000001901000,   0.00280,
,,,00.000001902000,   0.00280,
,,,00.000001903000,   0.00280,
,,,00.000001904000,   0.00320,
,,,00.000001905000,   0.00280,
,,,00.000001906000,   0.00280,
,,,00.000001907000,   0.00280,
,,,00.000001908000,   0.00280,
,,,00.000001909000,   0.00280,
,,,00.000001910000,   0.00280,
,,,00.000001911000,   0.00280,
,,,00.000001912000,   0.00280,
,,,00.000001913000,   0.00280,
,,,00.000001914000,   0.00280,
,,,00.000001915000,   0.00280,
,,,00.000001916000,   0.00280,
,,,00.000001917000,   0.00280,
,,,00.000001918000,   0.00280,
,,,00.000001919000,   0.00280,
,,,00.000001920000,   0.00280,
,,,00.000001921000,   0.00280,
,,,00.000001922000,   0.00280,
,,,00.000001923000,   0.00280,
,,,00.000001924000,   0.00240,
,,,00.000001925000,   0.00240,
,,,00.000001926000,   0.00280,
,,,00.000001927000,   0.00280,
,,,00.000001928000,   0.00280,
,,,00.000001929000,   0.00280,
,,,00.000001930000,   0.00280,
,,,00.000001931000,   0.00280,
,,,00.000001932000,   0.00280,
,,,00.000001933000,   0.00240,
,,,00.000001934000,   0.00280,
,,,00.000001935000,   0.00280,
,,,00.000001936000,   0.00280,
,,,00.000001937000,   0.00280,
,,,00.000001938000,   0.00280,
,,,00.000001939000,   0.00280,
,,,00.000001940000,   0.00280,
,,,00.000001941000,   0.00280,
,,,00.000001942000,   0.00280,
,,,00.000001943000,   0.00280,
,,,00.000001944000,   0.00240,
,,,00.000001945000,   0.00280,
,,,00.000001946000,   0.00240,
,,,00.000001947000,   0.00280,
,,,00.000001948000,   0.00280,
,,,00.000001949000,   0.00280,
,,,00.000001950000,   0.00280,
,,,00.000001951000,   0.00280,
,,,00.000001952000,   0.00280,
,,,00.000001953000,   0.00280,
,,,00.000001954000,   0.00280,
,,,00.000001955000,   0.00280,
,,,00.000001956000,   0.00280,
,,,00.000001957000,   0.00280,
,,,00.000001958000,   0.00280,
,,,00.000001959000,   0.00240,
,,,00.000001960000,   0.00240,
,,,00.000001961000,   0.00280,
,,,00.000001962000,   0.00280,
,,,00.000001963000,   0.00280,
,,,00.000001964000,   0.00280,
,,,00.000001965000,   0.00280,
,,,00.000001966000,   0.00240,
,,,00.000001967000,   0.00280,
,,,00.000001968000,   0.00280,
,,,00.000001969000,   0.00280,
,,,00.000001970000,   0.00280,
,,,00.000001971000,   0.00280,
,,,00.000001972000,   0.00280,
,,,00.000001973000,   0.00280,
,,,00.000001974000,   0.00280,
,,,00.000001975000,   0.00280,
,,,00.000001976000,   0.00280,
,,,00.000001977000,   0.00240,
,,,00.000001978000,   0.00240,
,,,00.000001979000,   0.00280,
,,,00.000001980000,   0.00280,
,,,00.000001981000,   0.00280,
,,,00.000001982000,   0.00280,
,,,00.000001983000,   0.00280,
,,,00.000001984000,   0.00280,
,,,00.000001985000,   0.00280,
,,,00.000001986000,   0.00280,
,,,00.000001987000,   0.00240,
,,,00.000001988000,   0.00280,
,,,00.000001989000,   0.00280,
,,,00.000001990000,   0.00280,
,,,00.000001991000,   0.00280,
,,,00.000001992000,   0.00280,
,,,00.000001993000,   0.00280,
,,,00.000001994000,   0.00280,
,,,00.000001995000,   0.00240,
,,,00.000001996000,   0.00240,
,,,00.000001997000,   0.00280,
,,,00.000001998000,   0.00280,
,,,00.000001999000,   0.00280,
,,,00.000002000000,   0.00280,
,,,00.000002001000,   0.00280,
,,,00.000002002000,   0.00240,
,,,00.000002003000,   0.00240,
,,,00.000002004000,   0.00240,
,,,00.000002005000,   0.00240,
,,,00.000002006000,   0.00240,
,,,00.000002007000,   0.00240,
,,,00.000002008000,   0.00240,
,,,00.000002009000,   0.00280,
,,,00.000002010000,   0.00240,
,,,00.000002011000,   0.00240,
,,,00.000002012000,   0.00240,
,,,00.000002013000,   0.00280,
,,,00.000002014000,   0.00240,
,,,00.000002015000,   0.00240,
,,,00.000002016000,   0.00280,
,,,00.000002017000,   0.00240,
,,,00.000002018000,   0.00280,
,,,00.000002019000,   0.00240,
,,,00.000002020000,   0.00240,
,,,00.000002021000,   0.00240,
,,,00.000002022000,   0.00240,
,,,00.000002023000,   0.00240,
,,,00.000002024000,   0.00240,
,,,00.000002025000,   0.00240,
,,,00.000002026000,   0.00240,
,,,00.000002027000,   0.00240,
,,,00.000002028000,   0.00280,
,,,00.000002029000,   0.00280,
,,,00.000002030000,   0.00280,
,,,00.000002031000,   0.00280,
,,,00.000002032000,   0.00280,
,,,00.000002033000,   0.00240,
,,,00.000002034000,   0.00240,
,,,00.000002035000,   0.00240,
,,,00.000002036000,   0.00240,
,,,00.000002037000,   0.00240,
,,,00.000002038000,   0.00240,
,,,00.000002039000,   0.00240,
,,,00.000002040000,   0.00240,
,,,00.000002041000,   0.00240,
,,,00.000002042000,   0.00240,
,,,00.000002043000,   0.00240,
,,,00.000002044000,   0.00240,
,,,00.000002045000,   0.00240,
,,,00.000002046000,   0.00240,
,,,00.000002047000,   0.00240,
,,,00.000002048000,   0.00240,
,,,00.000002049000,   0.00240,
,,,00.000002050000,   0.00240,
,,,00.000002051000,   0.00240,
,,,00.000002052000,   0.00240,
,,,00.000002053000,   0.00240,
,,,00.000002054000,   0.00240,
,,,00.000002055000,   0.00240,
,,,00.000002056000,   0.00240,
,,,00.000002057000,   0.00280,
,,,00.000002058000,   0.00240,
,,,00.000002059000,   0.00240,
,,,00.000002060000,   0.00240,
,,,00.000002061000,   0.00240,
,,,00.000002062000,   0.00280,
,,,00.000002063000,   0.00240,
,,,00.000002064000,   0.00240,
,,,00.000002065000,   0.00280,
,,,00.000002066000,   0.00280,
,,,00.000002067000,   0.00280,
,,,00.000002068000,   0.00240,
,,,00.000002069000,   0.00240,
,,,00.000002070000,   0.00240,
,,,00.000002071000,   0.00240,
,,,00.000002072000,   0.00240,
,,,00.000002073000,   0.00240,
,,,00.000002074000,   0.00240,
,,,00.000002075000,   0.00240,
,,,00.000002076000,   0.00240,
,,,00.000002077000,   0.00240,
,,,00.000002078000,   0.00240,
,,,00.000002079000,   0.00240,
,,,00.000002080000,   0.00240,
,,,00.000002081000,   0.00240,
,,,00.000002082000,   0.00240,
,,,00.000002083000,   0.00240,
,,,00.000002084000,   0.00240,
,,,00.000002085000,   0.00240,
,,,00.000002086000,   0.00240,
,,,00.000002087000,   0.00240,
,,,00.000002088000,   0.00240,
,,,00.000002089000,   0.00240,
,,,00.000002090000,   0.00240,
,,,00.000002091000,   0.00240,
,,,00.000002092000,   0.00240,
,,,00.000002093000,   0.00240,
,,,00.000002094000,   0.00240,
,,,00.000002095000,   0.00240,
,,,00.000002096000,   0.00240,
,,,00.000002097000,   0.00240,
,,,00.000002098000,   0.00240,
,,,00.000002099000,   0.00240,
,,,00.000002100000,   0.00240,
,,,00.000002101000,   0.00240,
,,,00.000002102000,   0.00240,
,,,00.000002103000,   0.00240,
,,,00.000002104000,   0.00240,
,,,00.000002105000,   0.00240,
,,,00.000002106000,   0.00240,
,,,00.000002107000,   0.00240,
,,,00.000002108000,   0.00240,
,,,00.000002109000,   0.00240,
,,,00.000002110000,   0.00240,
,,,00.000002111000,   0.00240,
,,,00.000002112000,   0.00240,
,,,00.000002113000,   0.00240,
,,,00.000002114000,   0.00240,
,,,00.000002115000,   0.00240,
,,,00.000002116000,   0.00240,
,,,00.000002117000,   0.00240,
,,,00.000002118000,   0.00240,
,,,00.000002119000,   0.00240,
,,,00.000002120000,   0.00240,
,,,00.000002121000,   0.00240,
,,,00.000002122000,   0.00240,
,,,00.000002123000,   0.00240,
,,,00.000002124000,   0.00240,
,,,00.000002125000,   0.00240,
,,,00.000002126000,   0.00240,
,,,00.000002127000,   0.00240,
,,,00.000002128000,   0.00240,
,,,00.000002129000,   0.00240,
,,,00.000002130000,   0.00240,
,,,00.000002131000,   0.00240,
,,,00.000002132000,   0.00240,
,,,00.000002133000,   0.00240,
,,,00.000002134000,   0.00240,
,,,00.000002135000,   0.00240,
,,,00.000002136000,   0.00240,
,,,00.000002137000,   0.00240,
,,,00.000002138000,   0.00240,
,,,00.000002139000,   0.00240,
,,,00.000002140000,   0.00200,
,,,00.000002141000,   0.00200,
,,,00.000002142000,   0.00200,
,,,00.000002143000,   0.00240,
,,,00.000002144000,   0.00240,
,,,00.000002145000,   0.00240,
,,,00.000002146000,   0.00240,
,,,00.000002147000,   0.00240,
,,,00.000002148000,   0.00240,
,,,00.000002149000,   0.00200,
,,,00.000002150000,   0.00200,
,,,00.000002151000,   0.00240,
,,,00.000002152000,   0.00240,
,,,00.000002153000,   0.00240,
,,,00.000002154000,   0.00240,
,,,00.000002155000,   0.00240,
,,,00.000002156000,   0.00240,
,,,00.000002157000,   0.00240,
,,,00.000002158000,   0.00240,
,,,00.000002159000,   0.00240,
,,,00.000002160000,   0.00200,
,,,00.000002161000,   0.00240,
,,,00.000002162000,   0.00240,
,,,00.000002163000,   0.00240,
,,,00.000002164000,   0.00240,
,,,00.000002165000,   0.00240,
,,,00.000002166000,   0.00240,
,,,00.000002167000,   0.00240,
,,,00.000002168000,   0.00240,
,,,00.000002169000,   0.00240,
,,,00.000002170000,   0.00240,
,,,00.000002171000,   0.00240,
,,,00.000002172000,   0.00200,
,,,00.000002173000,   0.00240,
,,,00.000002174000,   0.00240,
,,,00.000002175000,   0.00240,
,,,00.000002176000,   0.00240,
,,,00.000002177000,   0.00240,
,,,00.000002178000,   0.00240,
,,,00.000002179000,   0.00240,
,,,00.000002180000,   0.00240,
,,,00.000002181000,   0.00240,
,,,00.000002182000,   0.00240,
,,,00.000002183000,   0.00200,
,,,00.000002184000,   0.00200,
,,,00.000002185000,   0.00240,
,,,00.000002186000,   0.00200,
,,,00.000002187000,   0.00200,
,,,00.000002188000,   0.00240,
,,,00.000002189000,   0.00240,
,,,00.000002190000,   0.00240,
,,,00.000002191000,   0.00240,
,,,00.000002192000,   0.00240,
,,,00.000002193000,   0.00200,
,,,00.000002194000,   0.00240,
,,,00.000002195000,   0.00240,
,,,00.000002196000,   0.00240,
,,,00.000002197000,   0.00200,
,,,00.000002198000,   0.00240,
,,,00.000002199000,   0.00240,
,,,00.000002200000,   0.00200,
,,,00.000002201000,   0.00240,
,,,00.000002202000,   0.00240,
,,,00.000002203000,   0.00240,
,,,00.000002204000,   0.00240,
,,,00.000002205000,   0.00240,
,,,00.000002206000,   0.00240,
,,,00.000002207000,   0.00200,
,,,00.000002208000,   0.00240,
,,,00.000002209000,   0.00200,
,,,00.000002210000,   0.00240,
,,,00.000002211000,   0.00200,
,,,00.000002212000,   0.00200,
,,,00.000002213000,   0.00200,
,,,00.000002214000,   0.00240,
,,,00.000002215000,   0.00240,
,,,00.000002216000,   0.00200,
,,,00.000002217000,   0.00200,
,,,00.000002218000,   0.00200,
,,,00.000002219000,   0.00200,
,,,00.000002220000,   0.00200,
,,,00.000002221000,   0.00200,
,,,00.000002222000,   0.00200,
,,,00.000002223000,   0.00200,
,,,00.000002224000,   0.00200,
,,,00.000002225000,   0.00200,
,,,00.000002226000,   0.00240,
,,,00.000002227000,   0.00200,
,,,00.000002228000,   0.00200,
,,,00.000002229000,   0.00200,
,,,00.000002230000,   0.00200,
,,,00.000002231000,   0.00200,
,,,00.000002232000,   0.00200,
,,,00.000002233000,   0.00240,
,,,00.000002234000,   0.00200,
,,,00.000002235000,   0.00200,
,,,00.000002236000,   0.00200,
,,,00.000002237000,   0.00200,
,,,00.000002238000,   0.00200,
,,,00.000002239000,   0.00240,
