Record Length,2.500000e+03,,  -2.600000000000,  -2.48000,
Sample Interval,1.000000e-02,,  -2.590000000000,  -2.48000,
Trigger Point,2.600000000000e+02,,  -2.580000000000,  -2.52000,
,,,  -2.570000000000,  -2.54000,
,,,  -2.560000000000,  -2.54000,
,,,  -2.550000000000,  -2.48000,
Source,CH1,,  -2.540000000000,  -2.50000,
Vertical Units,V,,  -2.530000000000,  -2.48000,
Vertical Scale,5.000000e-01,,  -2.520000000000,  -2.52000,
Vertical Offset,1.200000e+00,,  -2.510000000000,  -2.54000,
Horizontal Units,s,,  -2.500000000000,  -2.48000,
Horizontal Scale,2.500000e+00,,  -2.490000000000,  -2.48000,
Pt Fmt,Y,,  -2.480000000000,  -2.50000,
Yzero,0.000000e+00,,  -2.470000000000,  -2.52000,
Probe Atten,1.000000e+00,,  -2.460000000000,  -2.54000,
Model Number,TDS2001C,,  -2.450000000000,  -2.48000,
Serial Number,C040530,,  -2.440000000000,  -2.48000,
Firmware Version,FV:v24.26,,  -2.430000000000,  -2.50000,
,,,-02.420000000000,  -2.52000,
,,,-02.410000000000,  -2.54000,
,,,-02.400000000000,  -2.46000,
,,,-02.390000000000,  -2.50000,
,,,-02.380000000000,  -2.50000,
,,,-02.370000000000,  -2.54000,
,,,-02.360000000000,  -2.54000,
,,,-02.350000000000,  -2.50000,
,,,-02.340000000000,  -2.48000,
,,,-02.330000000000,  -2.50000,
,,,-02.320000000000,  -2.54000,
,,,-02.310000000000,  -2.54000,
,,,-02.300000000000,  -2.48000,
,,,-02.290000000000,  -2.50000,
,,,-02.280000000000,  -2.50000,
,,,-02.270000000000,  -2.52000,
,,,-02.260000000000,  -2.54000,
,,,-02.250000000000,  -2.46000,
,,,-02.240000000000,  -2.48000,
,,,-02.230000000000,  -2.50000,
,,,-02.220000000000,  -2.52000,
,,,-02.210000000000,  -2.56000,
,,,-02.200000000000,  -2.48000,
,,,-02.190000000000,  -2.48000,
,,,-02.180000000000,  -2.50000,
,,,-02.170000000000,  -2.54000,
,,,-02.160000000000,  -2.54000,
,,,-02.150000000000,  -2.46000,
,,,-02.140000000000,  -2.50000,
,,,-02.130000000000,  -2.50000,
,,,-02.120000000000,  -2.54000,
,,,-02.110000000000,  -2.54000,
,,,-02.100000000000,  -2.48000,
,,,-02.090000000000,  -2.50000,
,,,-02.080000000000,  -2.50000,
,,,-02.070000000000,  -2.52000,
,,,-02.060000000000,  -2.54000,
,,,-02.050000000000,  -2.46000,
,,,-02.040000000000,  -2.48000,
,,,-02.030000000000,  -2.50000,
,,,-02.020000000000,  -2.52000,
,,,-02.010000000000,  -2.54000,
,,,-02.000000000000,  -2.48000,
,,,-01.990000000000,  -2.50000,
,,,-01.980000000000,  -2.50000,
,,,-01.970000000000,  -2.52000,
,,,-01.960000000000,  -2.54000,
,,,-01.950000000000,  -2.48000,
,,,-01.940000000000,  -2.50000,
,,,-01.930000000000,  -2.50000,
,,,-01.920000000000,  -2.52000,
,,,-01.910000000000,  -2.56000,
,,,-01.900000000000,  -2.50000,
,,,-01.890000000000,  -2.48000,
,,,-01.880000000000,  -2.50000,
,,,-01.870000000000,  -2.54000,
,,,-01.860000000000,  -2.54000,
,,,-01.850000000000,  -2.48000,
,,,-01.840000000000,  -2.48000,
,,,-01.830000000000,  -2.50000,
,,,-01.820000000000,  -2.52000,
,,,-01.810000000000,  -2.54000,
,,,-01.800000000000,  -2.48000,
,,,-01.790000000000,  -2.50000,
,,,-01.780000000000,  -2.50000,
,,,-01.770000000000,  -2.54000,
,,,-01.760000000000,  -2.54000,
,,,-01.750000000000,  -2.50000,
,,,-01.740000000000,  -2.50000,
,,,-01.730000000000,  -2.50000,
,,,-01.720000000000,  -2.54000,
,,,-01.710000000000,  -2.54000,
,,,-01.700000000000,  -2.48000,
,,,-01.690000000000,  -2.48000,
,,,-01.680000000000,  -2.52000,
,,,-01.670000000000,  -2.52000,
,,,-01.660000000000,  -2.54000,
,,,-01.650000000000,  -2.48000,
,,,-01.640000000000,  -2.48000,
,,,-01.630000000000,  -2.50000,
,,,-01.620000000000,  -2.52000,
,,,-01.610000000000,  -2.54000,
,,,-01.600000000000,  -2.50000,
,,,-01.590000000000,  -2.46000,
,,,-01.580000000000,  -2.50000,
,,,-01.570000000000,  -2.52000,
,,,-01.560000000000,  -2.54000,
,,,-01.550000000000,  -2.48000,
,,,-01.540000000000,  -2.50000,
,,,-01.530000000000,  -2.50000,
,,,-01.520000000000,  -2.52000,
,,,-01.510000000000,  -2.54000,
,,,-01.500000000000,  -2.48000,
,,,-01.490000000000,  -2.48000,
,,,-01.480000000000,  -2.50000,
,,,-01.470000000000,  -2.54000,
,,,-01.460000000000,  -2.54000,
,,,-01.450000000000,  -2.50000,
,,,-01.440000000000,  -2.48000,
,,,-01.430000000000,  -2.50000,
,,,-01.420000000000,  -2.52000,
,,,-01.410000000000,  -2.54000,
,,,-01.400000000000,  -2.48000,
,,,-01.390000000000,  -2.48000,
,,,-01.380000000000,  -2.50000,
,,,-01.370000000000,  -2.54000,
,,,-01.360000000000,  -2.54000,
,,,-01.350000000000,  -2.50000,
,,,-01.340000000000,  -2.46000,
,,,-01.330000000000,  -2.50000,
,,,-01.320000000000,  -2.52000,
,,,-01.310000000000,  -2.54000,
,,,-01.300000000000,  -2.48000,
,,,-01.290000000000,  -2.48000,
,,,-01.280000000000,  -2.50000,
,,,-01.270000000000,  -2.52000,
,,,-01.260000000000,  -2.54000,
,,,-01.250000000000,  -2.48000,
,,,-01.240000000000,  -2.48000,
,,,-01.230000000000,  -2.50000,
,,,-01.220000000000,  -2.52000,
,,,-01.210000000000,  -2.54000,
,,,-01.200000000000,  -2.46000,
,,,-01.190000000000,  -2.50000,
,,,-01.180000000000,  -2.52000,
,,,-01.170000000000,  -2.54000,
,,,-01.160000000000,  -2.56000,
,,,-01.150000000000,  -2.50000,
,,,-01.140000000000,  -2.48000,
,,,-01.130000000000,  -2.50000,
,,,-01.120000000000,  -2.52000,
,,,-01.110000000000,  -2.54000,
,,,-01.100000000000,  -2.50000,
,,,-01.090000000000,  -2.50000,
,,,-01.080000000000,  -2.50000,
,,,-01.070000000000,  -2.54000,
,,,-01.060000000000,  -2.54000,
,,,-01.050000000000,  -2.48000,
,,,-01.040000000000,  -2.48000,
,,,-01.030000000000,  -2.52000,
,,,-01.020000000000,  -2.52000,
,,,-01.010000000000,  -2.54000,
,,,-01.000000000000,  -2.48000,
,,,-00.990000000000,  -2.46000,
,,,-00.980000000000,  -2.52000,
,,,-00.970000000000,  -2.52000,
,,,-00.960000000000,  -2.54000,
,,,-00.950000000000,  -2.50000,
,,,-00.940000000000,  -2.48000,
,,,-00.930000000000,  -2.48000,
,,,-00.920000000000,  -2.52000,
,,,-00.910000000000,  -2.54000,
,,,-00.900000000000,  -2.48000,
,,,-00.890000000000,  -2.48000,
,,,-00.880000000000,  -2.50000,
,,,-00.870000000000,  -2.52000,
,,,-00.860000000000,  -2.54000,
,,,-00.850000000000,  -2.48000,
,,,-00.840000000000,  -2.48000,
,,,-00.830000000000,  -2.50000,
,,,-00.820000000000,  -2.52000,
,,,-00.810000000000,  -2.56000,
,,,-00.800000000000,  -2.48000,
,,,-00.790000000000,  -2.46000,
,,,-00.780000000000,  -2.52000,
,,,-00.770000000000,  -2.52000,
,,,-00.760000000000,  -2.54000,
,,,-00.750000000000,  -2.50000,
,,,-00.740000000000,  -2.48000,
,,,-00.730000000000,  -2.50000,
,,,-00.720000000000,  -2.52000,
,,,-00.710000000000,  -2.54000,
,,,-00.700000000000,  -2.48000,
,,,-00.690000000000,  -2.48000,
,,,-00.680000000000,  -2.50000,
,,,-00.670000000000,  -2.52000,
,,,-00.660000000000,  -2.52000,
,,,-00.650000000000,  -2.48000,
,,,-00.640000000000,  -2.48000,
,,,-00.630000000000,  -2.52000,
,,,-00.620000000000,  -2.52000,
,,,-00.610000000000,  -2.54000,
,,,-00.600000000000,  -2.48000,
,,,-00.590000000000,  -2.48000,
,,,-00.580000000000,  -2.50000,
,,,-00.570000000000,  -2.54000,
,,,-00.560000000000,  -2.54000,
,,,-00.550000000000,  -2.50000,
,,,-00.540000000000,  -2.46000,
,,,-00.530000000000,  -2.50000,
,,,-00.520000000000,  -2.50000,
,,,-00.510000000000,  -2.54000,
,,,-00.500000000000,  -2.48000,
,,,-00.490000000000,  -2.46000,
,,,-00.480000000000,  -2.50000,
,,,-00.470000000000,  -2.52000,
,,,-00.460000000000,  -2.54000,
,,,-00.450000000000,  -2.46000,
,,,-00.440000000000,  -2.46000,
,,,-00.430000000000,  -2.50000,
,,,-00.420000000000,  -2.52000,
,,,-00.410000000000,  -2.54000,
,,,-00.400000000000,  -2.48000,
,,,-00.390000000000,  -2.48000,
,,,-00.380000000000,  -2.50000,
,,,-00.370000000000,  -2.52000,
,,,-00.360000000000,  -2.54000,
,,,-00.350000000000,  -2.50000,
,,,-00.340000000000,  -2.48000,
,,,-00.330000000000,  -2.48000,
,,,-00.320000000000,  -2.54000,
,,,-00.310000000000,  -2.54000,
,,,-00.300000000000,  -2.50000,
,,,-00.290000000000,  -2.46000,
,,,-00.280000000000,  -2.50000,
,,,-00.270000000000,  -2.52000,
,,,-00.260000000000,  -2.54000,
,,,-00.250000000000,  -2.48000,
,,,-00.240000000000,  -2.46000,
,,,-00.230000000000,  -2.50000,
,,,-00.220000000000,  -2.52000,
,,,-00.210000000000,  -2.54000,
,,,-00.200000000000,  -2.48000,
,,,-00.190000000000,  -2.48000,
,,,-00.180000000000,  -2.50000,
,,,-00.170000000000,  -2.52000,
,,,-00.160000000000,  -2.54000,
,,,-00.150000000000,  -2.48000,
,,,-00.140000000000,  -2.46000,
,,,-00.130000000000,  -2.52000,
,,,-00.120000000000,  -2.52000,
,,,-00.110000000000,  -2.54000,
,,,-00.100000000000,  -2.48000,
,,,-00.090000000000,  -2.46000,
,,,-00.080000000000,  -2.52000,
,,,-00.070000000000,  -2.52000,
,,,-00.060000000000,  -2.54000,
,,,-00.050000000000,  -2.50000,
,,,-00.040000000000,  -2.48000,
,,,-00.030000000000,  -2.50000,
,,,-00.020000000000,  -2.52000,
,,,-00.010000000000,  -2.54000,
,,,-00.000000000000,  -0.76000,
,,,00.010000000000,  -0.76000,
,,,00.020000000000,  -0.80000,
,,,00.030000000000,  -0.82000,
,,,00.040000000000,  -0.84000,
,,,00.050000000000,  -0.84000,
,,,00.060000000000,  -0.84000,
,,,00.070000000000,  -0.86000,
,,,00.080000000000,  -0.86000,
,,,00.090000000000,  -0.88000,
,,,00.100000000000,  -0.86000,
,,,00.110000000000,  -0.86000,
,,,00.120000000000,  -0.88000,
,,,00.130000000000,  -0.90000,
,,,00.140000000000,  -0.92000,
,,,00.150000000000,  -0.88000,
,,,00.160000000000,  -0.88000,
,,,00.170000000000,  -0.90000,
,,,00.180000000000,  -0.90000,
,,,00.190000000000,  -0.92000,
,,,00.200000000000,  -0.88000,
,,,00.210000000000,  -0.90000,
,,,00.220000000000,  -0.90000,
,,,00.230000000000,  -0.92000,
,,,00.240000000000,  -0.94000,
,,,00.250000000000,  -0.90000,
,,,00.260000000000,  -0.88000,
,,,00.270000000000,  -0.92000,
,,,00.280000000000,  -0.94000,
,,,00.290000000000,  -0.92000,
,,,00.300000000000,  -0.94000,
,,,00.310000000000,  -0.92000,
,,,00.320000000000,  -0.92000,
,,,00.330000000000,  -0.94000,
,,,00.340000000000,  -0.94000,
,,,00.350000000000,  -0.92000,
,,,00.360000000000,  -0.92000,
,,,00.370000000000,  -0.94000,
,,,00.380000000000,  -0.96000,
,,,00.390000000000,  -0.96000,
,,,00.400000000000,  -0.94000,
,,,00.410000000000,  -0.92000,
,,,00.420000000000,  -0.94000,
,,,00.430000000000,  -0.96000,
,,,00.440000000000,  -0.98000,
,,,00.450000000000,  -0.96000,
,,,00.460000000000,  -0.96000,
,,,00.470000000000,  -0.96000,
,,,00.480000000000,  -0.98000,
,,,00.490000000000,  -0.98000,
,,,00.500000000000,  -0.96000,
,,,00.510000000000,  -0.96000,
,,,00.520000000000,  -0.98000,
,,,00.530000000000,  -0.98000,
,,,00.540000000000,  -1.00000,
,,,00.550000000000,  -0.98000,
,,,00.560000000000,  -0.96000,
,,,00.570000000000,  -0.98000,
,,,00.580000000000,  -0.98000,
,,,00.590000000000,  -1.00000,
,,,00.600000000000,  -0.98000,
,,,00.610000000000,  -0.98000,
,,,00.620000000000,  -0.98000,
,,,00.630000000000,  -1.00000,
,,,00.640000000000,  -1.02000,
,,,00.650000000000,  -0.98000,
,,,00.660000000000,  -0.98000,
,,,00.670000000000,  -1.00000,
,,,00.680000000000,  -1.02000,
,,,00.690000000000,  -1.02000,
,,,00.700000000000,  -1.00000,
,,,00.710000000000,  -1.00000,
,,,00.720000000000,  -1.00000,
,,,00.730000000000,  -1.02000,
,,,00.740000000000,  -1.02000,
,,,00.750000000000,  -1.00000,
,,,00.760000000000,  -1.00000,
,,,00.770000000000,  -1.02000,
,,,00.780000000000,  -1.02000,
,,,00.790000000000,  -1.04000,
,,,00.800000000000,  -1.02000,
,,,00.810000000000,  -1.02000,
,,,00.820000000000,  -1.02000,
,,,00.830000000000,  -1.04000,
,,,00.840000000000,  -1.04000,
,,,00.850000000000,  -1.02000,
,,,00.860000000000,  -1.02000,
,,,00.870000000000,  -1.04000,
,,,00.880000000000,  -1.04000,
,,,00.890000000000,  -1.06000,
,,,00.900000000000,  -1.04000,
,,,00.910000000000,  -1.02000,
,,,00.920000000000,  -1.04000,
,,,00.930000000000,  -1.06000,
,,,00.940000000000,  -1.08000,
,,,00.950000000000,  -1.06000,
,,,00.960000000000,  -1.04000,
,,,00.970000000000,  -1.06000,
,,,00.980000000000,  -1.08000,
,,,00.990000000000,  -1.08000,
,,,01.000000000000,  -1.08000,
,,,01.010000000000,  -1.06000,
,,,01.020000000000,  -1.08000,
,,,01.030000000000,  -1.08000,
,,,01.040000000000,  -1.12000,
,,,01.050000000000,  -1.06000,
,,,01.060000000000,  -1.06000,
,,,01.070000000000,  -1.08000,
,,,01.080000000000,  -1.08000,
,,,01.090000000000,  -1.08000,
,,,01.100000000000,  -1.08000,
,,,01.110000000000,  -1.08000,
,,,01.120000000000,  -1.10000,
,,,01.130000000000,  -1.10000,
,,,01.140000000000,  -1.12000,
,,,01.150000000000,  -1.08000,
,,,01.160000000000,  -1.10000,
,,,01.170000000000,  -1.10000,
,,,01.180000000000,  -1.10000,
,,,01.190000000000,  -1.14000,
,,,01.200000000000,  -1.10000,
,,,01.210000000000,  -1.10000,
,,,01.220000000000,  -1.10000,
,,,01.230000000000,  -1.14000,
,,,01.240000000000,  -1.14000,
,,,01.250000000000,  -1.10000,
,,,01.260000000000,  -1.10000,
,,,01.270000000000,  -1.14000,
,,,01.280000000000,  -1.14000,
,,,01.290000000000,  -1.14000,
,,,01.300000000000,  -1.12000,
,,,01.310000000000,  -1.12000,
,,,01.320000000000,  -1.14000,
,,,01.330000000000,  -1.14000,
,,,01.340000000000,  -1.16000,
,,,01.350000000000,  -1.14000,
,,,01.360000000000,  -1.12000,
,,,01.370000000000,  -1.14000,
,,,01.380000000000,  -1.16000,
,,,01.390000000000,  -1.18000,
,,,01.400000000000,  -1.14000,
,,,01.410000000000,  -1.14000,
,,,01.420000000000,  -1.16000,
,,,01.430000000000,  -1.18000,
,,,01.440000000000,  -1.18000,
,,,01.450000000000,  -1.14000,
,,,01.460000000000,  -1.16000,
,,,01.470000000000,  -1.16000,
,,,01.480000000000,  -1.18000,
,,,01.490000000000,  -1.20000,
,,,01.500000000000,  -1.14000,
,,,01.510000000000,  -1.14000,
,,,01.520000000000,  -1.18000,
,,,01.530000000000,  -1.18000,
,,,01.540000000000,  -1.22000,
,,,01.550000000000,  -1.16000,
,,,01.560000000000,  -1.16000,
,,,01.570000000000,  -1.18000,
,,,01.580000000000,  -1.18000,
,,,01.590000000000,  -1.20000,
,,,01.600000000000,  -1.18000,
,,,01.610000000000,  -1.16000,
,,,01.620000000000,  -1.20000,
,,,01.630000000000,  -1.20000,
,,,01.640000000000,  -1.22000,
,,,01.650000000000,  -1.20000,
,,,01.660000000000,  -1.18000,
,,,01.670000000000,  -1.20000,
,,,01.680000000000,  -1.20000,
,,,01.690000000000,  -1.24000,
,,,01.700000000000,  -1.20000,
,,,01.710000000000,  -1.20000,
,,,01.720000000000,  -1.22000,
,,,01.730000000000,  -1.22000,
,,,01.740000000000,  -1.24000,
,,,01.750000000000,  -1.22000,
,,,01.760000000000,  -1.20000,
,,,01.770000000000,  -1.22000,
,,,01.780000000000,  -1.26000,
,,,01.790000000000,  -1.24000,
,,,01.800000000000,  -1.22000,
,,,01.810000000000,  -1.22000,
,,,01.820000000000,  -1.24000,
,,,01.830000000000,  -1.24000,
,,,01.840000000000,  -1.26000,
,,,01.850000000000,  -1.24000,
,,,01.860000000000,  -1.22000,
,,,01.870000000000,  -1.24000,
,,,01.880000000000,  -1.26000,
,,,01.890000000000,  -1.28000,
,,,01.900000000000,  -1.24000,
,,,01.910000000000,  -1.22000,
,,,01.920000000000,  -1.26000,
,,,01.930000000000,  -1.26000,
,,,01.940000000000,  -1.28000,
,,,01.950000000000,  -1.24000,
,,,01.960000000000,  -1.22000,
,,,01.970000000000,  -1.26000,
,,,01.980000000000,  -1.28000,
,,,01.990000000000,  -1.28000,
,,,02.000000000000,  -1.26000,
,,,02.010000000000,  -1.24000,
,,,02.020000000000,  -1.28000,
,,,02.030000000000,  -1.28000,
,,,02.040000000000,  -1.28000,
,,,02.050000000000,  -1.26000,
,,,02.060000000000,  -1.26000,
,,,02.070000000000,  -1.28000,
,,,02.080000000000,  -1.28000,
,,,02.090000000000,  -1.30000,
,,,02.100000000000,  -1.28000,
,,,02.110000000000,  -1.26000,
,,,02.120000000000,  -1.30000,
,,,02.130000000000,  -1.30000,
,,,02.140000000000,  -1.32000,
,,,02.150000000000,  -1.28000,
,,,02.160000000000,  -1.28000,
,,,02.170000000000,  -1.28000,
,,,02.180000000000,  -1.30000,
,,,02.190000000000,  -1.32000,
,,,02.200000000000,  -1.32000,
,,,02.210000000000,  -1.28000,
,,,02.220000000000,  -1.30000,
,,,02.230000000000,  -1.34000,
,,,02.240000000000,  -1.34000,
,,,02.250000000000,  -1.32000,
,,,02.260000000000,  -1.30000,
,,,02.270000000000,  -1.32000,
,,,02.280000000000,  -1.32000,
,,,02.290000000000,  -1.34000,
,,,02.300000000000,  -1.32000,
,,,02.310000000000,  -1.30000,
,,,02.320000000000,  -1.32000,
,,,02.330000000000,  -1.34000,
,,,02.340000000000,  -1.34000,
,,,02.350000000000,  -1.32000,
,,,02.360000000000,  -1.32000,
,,,02.370000000000,  -1.34000,
,,,02.380000000000,  -1.34000,
,,,02.390000000000,  -1.36000,
,,,02.400000000000,  -1.32000,
,,,02.410000000000,  -1.32000,
,,,02.420000000000,  -1.34000,
,,,02.430000000000,  -1.36000,
,,,02.440000000000,  -1.38000,
,,,02.450000000000,  -1.34000,
,,,02.460000000000,  -1.32000,
,,,02.470000000000,  -1.34000,
,,,02.480000000000,  -1.36000,
,,,02.490000000000,  -1.38000,
,,,02.500000000000,  -1.34000,
,,,02.510000000000,  -1.34000,
,,,02.520000000000,  -1.34000,
,,,02.530000000000,  -1.38000,
,,,02.540000000000,  -1.38000,
,,,02.550000000000,  -1.36000,
,,,02.560000000000,  -1.36000,
,,,02.570000000000,  -1.38000,
,,,02.580000000000,  -1.38000,
,,,02.590000000000,  -1.40000,
,,,02.600000000000,  -1.36000,
,,,02.610000000000,  -1.36000,
,,,02.620000000000,  -1.38000,
,,,02.630000000000,  -1.36000,
,,,02.640000000000,  -1.42000,
,,,02.650000000000,  -1.40000,
,,,02.660000000000,  -1.36000,
,,,02.670000000000,  -1.40000,
,,,02.680000000000,  -1.40000,
,,,02.690000000000,  -1.42000,
,,,02.700000000000,  -1.40000,
,,,02.710000000000,  -1.38000,
,,,02.720000000000,  -1.40000,
,,,02.730000000000,  -1.40000,
,,,02.740000000000,  -1.42000,
,,,02.750000000000,  -1.40000,
,,,02.760000000000,  -1.38000,
,,,02.770000000000,  -1.40000,
,,,02.780000000000,  -1.44000,
,,,02.790000000000,  -1.44000,
,,,02.800000000000,  -1.40000,
,,,02.810000000000,  -1.38000,
,,,02.820000000000,  -1.40000,
,,,02.830000000000,  -1.44000,
,,,02.840000000000,  -1.44000,
,,,02.850000000000,  -1.42000,
,,,02.860000000000,  -1.42000,
,,,02.870000000000,  -1.42000,
,,,02.880000000000,  -1.44000,
,,,02.890000000000,  -1.46000,
,,,02.900000000000,  -1.42000,
,,,02.910000000000,  -1.40000,
,,,02.920000000000,  -1.44000,
,,,02.930000000000,  -1.44000,
,,,02.940000000000,  -1.46000,
,,,02.950000000000,  -1.42000,
,,,02.960000000000,  -1.40000,
,,,02.970000000000,  -1.44000,
,,,02.980000000000,  -1.44000,
,,,02.990000000000,  -1.46000,
,,,03.000000000000,  -1.44000,
,,,03.010000000000,  -1.44000,
,,,03.020000000000,  -1.46000,
,,,03.030000000000,  -1.46000,
,,,03.040000000000,  -1.46000,
,,,03.050000000000,  -1.46000,
,,,03.060000000000,  -1.44000,
,,,03.070000000000,  -1.46000,
,,,03.080000000000,  -1.48000,
,,,03.090000000000,  -1.48000,
,,,03.100000000000,  -1.46000,
,,,03.110000000000,  -1.44000,
,,,03.120000000000,  -1.48000,
,,,03.130000000000,  -1.48000,
,,,03.140000000000,  -1.50000,
,,,03.150000000000,  -1.48000,
,,,03.160000000000,  -1.46000,
,,,03.170000000000,  -1.48000,
,,,03.180000000000,  -1.48000,
,,,03.190000000000,  -1.50000,
,,,03.200000000000,  -1.46000,
,,,03.210000000000,  -1.46000,
,,,03.220000000000,  -1.50000,
,,,03.230000000000,  -1.50000,
,,,03.240000000000,  -1.50000,
,,,03.250000000000,  -1.48000,
,,,03.260000000000,  -1.46000,
,,,03.270000000000,  -1.50000,
,,,03.280000000000,  -1.50000,
,,,03.290000000000,  -1.52000,
,,,03.300000000000,  -1.50000,
,,,03.310000000000,  -1.48000,
,,,03.320000000000,  -1.52000,
,,,03.330000000000,  -1.52000,
,,,03.340000000000,  -1.52000,
,,,03.350000000000,  -1.50000,
,,,03.360000000000,  -1.46000,
,,,03.370000000000,  -1.52000,
,,,03.380000000000,  -1.52000,
,,,03.390000000000,  -1.54000,
,,,03.400000000000,  -1.52000,
,,,03.410000000000,  -1.50000,
,,,03.420000000000,  -1.52000,
,,,03.430000000000,  -1.52000,
,,,03.440000000000,  -1.54000,
,,,03.450000000000,  -1.52000,
,,,03.460000000000,  -1.50000,
,,,03.470000000000,  -1.52000,
,,,03.480000000000,  -1.56000,
,,,03.490000000000,  -1.56000,
,,,03.500000000000,  -1.54000,
,,,03.510000000000,  -1.50000,
,,,03.520000000000,  -1.54000,
,,,03.530000000000,  -1.54000,
,,,03.540000000000,  -1.58000,
,,,03.550000000000,  -1.54000,
,,,03.560000000000,  -1.50000,
,,,03.570000000000,  -1.54000,
,,,03.580000000000,  -1.54000,
,,,03.590000000000,  -1.58000,
,,,03.600000000000,  -1.54000,
,,,03.610000000000,  -1.52000,
,,,03.620000000000,  -1.56000,
,,,03.630000000000,  -1.56000,
,,,03.640000000000,  -1.58000,
,,,03.650000000000,  -1.56000,
,,,03.660000000000,  -1.54000,
,,,03.670000000000,  -1.56000,
,,,03.680000000000,  -1.56000,
,,,03.690000000000,  -1.58000,
,,,03.700000000000,  -1.56000,
,,,03.710000000000,  -1.54000,
,,,03.720000000000,  -1.56000,
,,,03.730000000000,  -1.56000,
,,,03.740000000000,  -1.60000,
,,,03.750000000000,  -1.56000,
,,,03.760000000000,  -1.56000,
,,,03.770000000000,  -1.58000,
,,,03.780000000000,  -1.58000,
,,,03.790000000000,  -1.62000,
,,,03.800000000000,  -1.58000,
,,,03.810000000000,  -1.56000,
,,,03.820000000000,  -1.60000,
,,,03.830000000000,  -1.60000,
,,,03.840000000000,  -1.62000,
,,,03.850000000000,  -1.58000,
,,,03.860000000000,  -1.56000,
,,,03.870000000000,  -1.60000,
,,,03.880000000000,  -1.60000,
,,,03.890000000000,  -1.64000,
,,,03.900000000000,  -1.60000,
,,,03.910000000000,  -1.56000,
,,,03.920000000000,  -1.60000,
,,,03.930000000000,  -1.60000,
,,,03.940000000000,  -1.62000,
,,,03.950000000000,  -1.60000,
,,,03.960000000000,  -1.60000,
,,,03.970000000000,  -1.60000,
,,,03.980000000000,  -1.62000,
,,,03.990000000000,  -1.64000,
,,,04.000000000000,  -1.62000,
,,,04.010000000000,  -1.60000,
,,,04.020000000000,  -1.62000,
,,,04.030000000000,  -1.62000,
,,,04.040000000000,  -1.64000,
,,,04.050000000000,  -1.62000,
,,,04.060000000000,  -1.60000,
,,,04.070000000000,  -1.62000,
,,,04.080000000000,  -1.64000,
,,,04.090000000000,  -1.64000,
,,,04.100000000000,  -1.62000,
,,,04.110000000000,  -1.60000,
,,,04.120000000000,  -1.64000,
,,,04.130000000000,  -1.64000,
,,,04.140000000000,  -1.66000,
,,,04.150000000000,  -1.64000,
,,,04.160000000000,  -1.62000,
,,,04.170000000000,  -1.64000,
,,,04.180000000000,  -1.64000,
,,,04.190000000000,  -1.66000,
,,,04.200000000000,  -1.62000,
,,,04.210000000000,  -1.62000,
,,,04.220000000000,  -1.66000,
,,,04.230000000000,  -1.66000,
,,,04.240000000000,  -1.66000,
,,,04.250000000000,  -1.66000,
,,,04.260000000000,  -1.62000,
,,,04.270000000000,  -1.64000,
,,,04.280000000000,  -1.66000,
,,,04.290000000000,  -1.68000,
,,,04.300000000000,  -1.66000,
,,,04.310000000000,  -1.64000,
,,,04.320000000000,  -1.66000,
,,,04.330000000000,  -1.66000,
,,,04.340000000000,  -1.70000,
,,,04.350000000000,  -1.66000,
,,,04.360000000000,  -1.64000,
,,,04.370000000000,  -1.66000,
,,,04.380000000000,  -1.70000,
,,,04.390000000000,  -1.70000,
,,,04.400000000000,  -1.68000,
,,,04.410000000000,  -1.66000,
,,,04.420000000000,  -1.68000,
,,,04.430000000000,  -1.70000,
,,,04.440000000000,  -1.70000,
,,,04.450000000000,  -1.68000,
,,,04.460000000000,  -1.66000,
,,,04.470000000000,  -1.70000,
,,,04.480000000000,  -1.70000,
,,,04.490000000000,  -1.70000,
,,,04.500000000000,  -1.68000,
,,,04.510000000000,  -1.66000,
,,,04.520000000000,  -1.70000,
,,,04.530000000000,  -1.70000,
,,,04.540000000000,  -1.74000,
,,,04.550000000000,  -1.70000,
,,,04.560000000000,  -1.66000,
,,,04.570000000000,  -1.70000,
,,,04.580000000000,  -1.72000,
,,,04.590000000000,  -1.72000,
,,,04.600000000000,  -1.68000,
,,,04.610000000000,  -1.68000,
,,,04.620000000000,  -1.72000,
,,,04.630000000000,  -1.72000,
,,,04.640000000000,  -1.74000,
,,,04.650000000000,  -1.70000,
,,,04.660000000000,  -1.68000,
,,,04.670000000000,  -1.72000,
,,,04.680000000000,  -1.70000,
,,,04.690000000000,  -1.74000,
,,,04.700000000000,  -1.72000,
,,,04.710000000000,  -1.70000,
,,,04.720000000000,  -1.70000,
,,,04.730000000000,  -1.72000,
,,,04.740000000000,  -1.76000,
,,,04.750000000000,  -1.72000,
,,,04.760000000000,  -1.70000,
,,,04.770000000000,  -1.72000,
,,,04.780000000000,  -1.74000,
,,,04.790000000000,  -1.76000,
,,,04.800000000000,  -1.70000,
,,,04.810000000000,  -1.70000,
,,,04.820000000000,  -1.72000,
,,,04.830000000000,  -1.74000,
,,,04.840000000000,  -1.76000,
,,,04.850000000000,  -1.74000,
,,,04.860000000000,  -1.72000,
,,,04.870000000000,  -1.76000,
,,,04.880000000000,  -1.76000,
,,,04.890000000000,  -1.78000,
,,,04.900000000000,  -1.76000,
,,,04.910000000000,  -1.72000,
,,,04.920000000000,  -1.76000,
,,,04.930000000000,  -1.76000,
,,,04.940000000000,  -1.78000,
,,,04.950000000000,  -1.74000,
,,,04.960000000000,  -1.72000,
,,,04.970000000000,  -1.76000,
,,,04.980000000000,  -1.76000,
,,,04.990000000000,  -1.78000,
,,,05.000000000000,  -1.76000,
,,,05.010000000000,  -1.74000,
,,,05.020000000000,  -1.76000,
,,,05.030000000000,  -1.76000,
,,,05.040000000000,  -1.80000,
,,,05.050000000000,  -1.78000,
,,,05.060000000000,  -1.72000,
,,,05.070000000000,  -1.76000,
,,,05.080000000000,  -1.78000,
,,,05.090000000000,  -1.80000,
,,,05.100000000000,  -1.76000,
,,,05.110000000000,  -1.74000,
,,,05.120000000000,  -1.76000,
,,,05.130000000000,  -1.76000,
,,,05.140000000000,  -1.82000,
,,,05.150000000000,  -1.78000,
,,,05.160000000000,  -1.76000,
,,,05.170000000000,  -1.80000,
,,,05.180000000000,  -1.78000,
,,,05.190000000000,  -1.82000,
,,,05.200000000000,  -1.78000,
,,,05.210000000000,  -1.76000,
,,,05.220000000000,  -1.78000,
,,,05.230000000000,  -1.80000,
,,,05.240000000000,  -1.82000,
,,,05.250000000000,  -1.78000,
,,,05.260000000000,  -1.78000,
,,,05.270000000000,  -1.80000,
,,,05.280000000000,  -1.80000,
,,,05.290000000000,  -1.82000,
,,,05.300000000000,  -1.80000,
,,,05.310000000000,  -1.76000,
,,,05.320000000000,  -1.80000,
,,,05.330000000000,  -1.82000,
,,,05.340000000000,  -1.82000,
,,,05.350000000000,  -1.82000,
,,,05.360000000000,  -1.78000,
,,,05.370000000000,  -1.80000,
,,,05.380000000000,  -1.82000,
,,,05.390000000000,  -1.84000,
,,,05.400000000000,  -1.82000,
,,,05.410000000000,  -1.78000,
,,,05.420000000000,  -1.80000,
,,,05.430000000000,  -1.82000,
,,,05.440000000000,  -1.84000,
,,,05.450000000000,  -1.82000,
,,,05.460000000000,  -1.78000,
,,,05.470000000000,  -1.82000,
,,,05.480000000000,  -1.82000,
,,,05.490000000000,  -1.84000,
,,,05.500000000000,  -1.82000,
,,,05.510000000000,  -1.80000,
,,,05.520000000000,  -1.82000,
,,,05.530000000000,  -1.82000,
,,,05.540000000000,  -1.86000,
,,,05.550000000000,  -1.82000,
,,,05.560000000000,  -1.82000,
,,,05.570000000000,  -1.84000,
,,,05.580000000000,  -1.84000,
,,,05.590000000000,  -1.86000,
,,,05.600000000000,  -1.84000,
,,,05.610000000000,  -1.80000,
,,,05.620000000000,  -1.82000,
,,,05.630000000000,  -1.84000,
,,,05.640000000000,  -1.86000,
,,,05.650000000000,  -1.84000,
,,,05.660000000000,  -1.80000,
,,,05.670000000000,  -1.84000,
,,,05.680000000000,  -1.84000,
,,,05.690000000000,  -1.88000,
,,,05.700000000000,  -1.84000,
,,,05.710000000000,  -1.80000,
,,,05.720000000000,  -1.84000,
,,,05.730000000000,  -1.84000,
,,,05.740000000000,  -1.86000,
,,,05.750000000000,  -1.84000,
,,,05.760000000000,  -1.82000,
,,,05.770000000000,  -1.86000,
,,,05.780000000000,  -1.86000,
,,,05.790000000000,  -1.86000,
,,,05.800000000000,  -1.86000,
,,,05.810000000000,  -1.82000,
,,,05.820000000000,  -1.86000,
,,,05.830000000000,  -1.86000,
,,,05.840000000000,  -1.90000,
,,,05.850000000000,  -1.84000,
,,,05.860000000000,  -1.82000,
,,,05.870000000000,  -1.88000,
,,,05.880000000000,  -1.86000,
,,,05.890000000000,  -1.90000,
,,,05.900000000000,  -1.88000,
,,,05.910000000000,  -1.84000,
,,,05.920000000000,  -1.86000,
,,,05.930000000000,  -1.86000,
,,,05.940000000000,  -1.90000,
,,,05.950000000000,  -1.88000,
,,,05.960000000000,  -1.82000,
,,,05.970000000000,  -1.88000,
,,,05.980000000000,  -1.88000,
,,,05.990000000000,  -1.92000,
,,,06.000000000000,  -1.86000,
,,,06.010000000000,  -1.86000,
,,,06.020000000000,  -1.88000,
,,,06.030000000000,  -1.90000,
,,,06.040000000000,  -1.92000,
,,,06.050000000000,  -1.88000,
,,,06.060000000000,  -1.86000,
,,,06.070000000000,  -1.90000,
,,,06.080000000000,  -1.90000,
,,,06.090000000000,  -1.94000,
,,,06.100000000000,  -1.88000,
,,,06.110000000000,  -1.86000,
,,,06.120000000000,  -1.88000,
,,,06.130000000000,  -1.90000,
,,,06.140000000000,  -1.94000,
,,,06.150000000000,  -1.90000,
,,,06.160000000000,  -1.86000,
,,,06.170000000000,  -1.90000,
,,,06.180000000000,  -1.90000,
,,,06.190000000000,  -1.94000,
,,,06.200000000000,  -1.90000,
,,,06.210000000000,  -1.86000,
,,,06.220000000000,  -1.92000,
,,,06.230000000000,  -1.92000,
,,,06.240000000000,  -1.94000,
,,,06.250000000000,  -1.92000,
,,,06.260000000000,  -1.86000,
,,,06.270000000000,  -1.90000,
,,,06.280000000000,  -1.92000,
,,,06.290000000000,  -1.94000,
,,,06.300000000000,  -1.92000,
,,,06.310000000000,  -1.88000,
,,,06.320000000000,  -1.92000,
,,,06.330000000000,  -1.92000,
,,,06.340000000000,  -1.94000,
,,,06.350000000000,  -1.92000,
,,,06.360000000000,  -1.90000,
,,,06.370000000000,  -1.92000,
,,,06.380000000000,  -1.92000,
,,,06.390000000000,  -1.98000,
,,,06.400000000000,  -1.92000,
,,,06.410000000000,  -1.90000,
,,,06.420000000000,  -1.92000,
,,,06.430000000000,  -1.92000,
,,,06.440000000000,  -1.98000,
,,,06.450000000000,  -1.94000,
,,,06.460000000000,  -1.90000,
,,,06.470000000000,  -1.94000,
,,,06.480000000000,  -1.94000,
,,,06.490000000000,  -1.96000,
,,,06.500000000000,  -1.94000,
,,,06.510000000000,  -1.92000,
,,,06.520000000000,  -1.94000,
,,,06.530000000000,  -1.94000,
,,,06.540000000000,  -1.98000,
,,,06.550000000000,  -1.96000,
,,,06.560000000000,  -1.92000,
,,,06.570000000000,  -1.94000,
,,,06.580000000000,  -1.96000,
,,,06.590000000000,  -1.98000,
,,,06.600000000000,  -1.96000,
,,,06.610000000000,  -1.92000,
,,,06.620000000000,  -1.96000,
,,,06.630000000000,  -1.96000,
,,,06.640000000000,  -2.00000,
,,,06.650000000000,  -1.96000,
,,,06.660000000000,  -1.92000,
,,,06.670000000000,  -1.94000,
,,,06.680000000000,  -1.96000,
,,,06.690000000000,  -2.00000,
,,,06.700000000000,  -1.96000,
,,,06.710000000000,  -1.92000,
,,,06.720000000000,  -1.96000,
,,,06.730000000000,  -1.96000,
,,,06.740000000000,  -2.00000,
,,,06.750000000000,  -1.98000,
,,,06.760000000000,  -1.92000,
,,,06.770000000000,  -1.96000,
,,,06.780000000000,  -1.98000,
,,,06.790000000000,  -2.00000,
,,,06.800000000000,  -1.94000,
,,,06.810000000000,  -1.92000,
,,,06.820000000000,  -1.98000,
,,,06.830000000000,  -1.98000,
,,,06.840000000000,  -2.00000,
,,,06.850000000000,  -1.98000,
,,,06.860000000000,  -1.94000,
,,,06.870000000000,  -1.98000,
,,,06.880000000000,  -1.98000,
,,,06.890000000000,  -2.00000,
,,,06.900000000000,  -2.00000,
,,,06.910000000000,  -1.94000,
,,,06.920000000000,  -1.98000,
,,,06.930000000000,  -1.98000,
,,,06.940000000000,  -2.02000,
,,,06.950000000000,  -1.98000,
,,,06.960000000000,  -1.94000,
,,,06.970000000000,  -1.98000,
,,,06.980000000000,  -2.00000,
,,,06.990000000000,  -2.02000,
,,,07.000000000000,  -1.98000,
,,,07.010000000000,  -1.96000,
,,,07.020000000000,  -2.00000,
,,,07.030000000000,  -2.00000,
,,,07.040000000000,  -2.02000,
,,,07.050000000000,  -2.00000,
,,,07.060000000000,  -1.96000,
,,,07.070000000000,  -2.00000,
,,,07.080000000000,  -2.02000,
,,,07.090000000000,  -2.02000,
,,,07.100000000000,  -2.00000,
,,,07.110000000000,  -1.98000,
,,,07.120000000000,  -2.00000,
,,,07.130000000000,  -2.00000,
,,,07.140000000000,  -2.04000,
,,,07.150000000000,  -2.00000,
,,,07.160000000000,  -1.98000,
,,,07.170000000000,  -2.02000,
,,,07.180000000000,  -2.02000,
,,,07.190000000000,  -2.04000,
,,,07.200000000000,  -2.02000,
,,,07.210000000000,  -1.98000,
,,,07.220000000000,  -2.02000,
,,,07.230000000000,  -2.02000,
,,,07.240000000000,  -2.04000,
,,,07.250000000000,  -2.02000,
,,,07.260000000000,  -1.98000,
,,,07.270000000000,  -2.02000,
,,,07.280000000000,  -2.02000,
,,,07.290000000000,  -2.04000,
,,,07.300000000000,  -2.00000,
,,,07.310000000000,  -1.98000,
,,,07.320000000000,  -2.02000,
,,,07.330000000000,  -2.04000,
,,,07.340000000000,  -2.06000,
,,,07.350000000000,  -2.02000,
,,,07.360000000000,  -1.98000,
,,,07.370000000000,  -2.02000,
,,,07.380000000000,  -2.02000,
,,,07.390000000000,  -2.06000,
,,,07.400000000000,  -2.02000,
,,,07.410000000000,  -1.98000,
,,,07.420000000000,  -2.04000,
,,,07.430000000000,  -2.04000,
,,,07.440000000000,  -2.06000,
,,,07.450000000000,  -2.02000,
,,,07.460000000000,  -2.00000,
,,,07.470000000000,  -2.02000,
,,,07.480000000000,  -2.06000,
,,,07.490000000000,  -2.06000,
,,,07.500000000000,  -2.02000,
,,,07.510000000000,  -2.00000,
,,,07.520000000000,  -2.02000,
,,,07.530000000000,  -2.04000,
,,,07.540000000000,  -2.06000,
,,,07.550000000000,  -2.04000,
,,,07.560000000000,  -2.00000,
,,,07.570000000000,  -2.04000,
,,,07.580000000000,  -2.04000,
,,,07.590000000000,  -2.08000,
,,,07.600000000000,  -2.06000,
,,,07.610000000000,  -2.02000,
,,,07.620000000000,  -2.04000,
,,,07.630000000000,  -2.06000,
,,,07.640000000000,  -2.08000,
,,,07.650000000000,  -2.06000,
,,,07.660000000000,  -2.02000,
,,,07.670000000000,  -2.06000,
,,,07.680000000000,  -2.06000,
,,,07.690000000000,  -2.10000,
,,,07.700000000000,  -2.06000,
,,,07.710000000000,  -2.00000,
,,,07.720000000000,  -2.06000,
,,,07.730000000000,  -2.06000,
,,,07.740000000000,  -2.08000,
,,,07.750000000000,  -2.06000,
,,,07.760000000000,  -2.04000,
,,,07.770000000000,  -2.06000,
,,,07.780000000000,  -2.08000,
,,,07.790000000000,  -2.12000,
,,,07.800000000000,  -2.06000,
,,,07.810000000000,  -2.02000,
,,,07.820000000000,  -2.08000,
,,,07.830000000000,  -2.08000,
,,,07.840000000000,  -2.10000,
,,,07.850000000000,  -2.08000,
,,,07.860000000000,  -2.02000,
,,,07.870000000000,  -2.06000,
,,,07.880000000000,  -2.08000,
,,,07.890000000000,  -2.10000,
,,,07.900000000000,  -2.08000,
,,,07.910000000000,  -2.04000,
,,,07.920000000000,  -2.08000,
,,,07.930000000000,  -2.10000,
,,,07.940000000000,  -2.10000,
,,,07.950000000000,  -2.08000,
,,,07.960000000000,  -2.06000,
,,,07.970000000000,  -2.08000,
,,,07.980000000000,  -2.08000,
,,,07.990000000000,  -2.12000,
,,,08.000000000000,  -2.08000,
,,,08.010000000000,  -2.02000,
,,,08.020000000000,  -2.08000,
,,,08.030000000000,  -2.08000,
,,,08.040000000000,  -2.12000,
,,,08.050000000000,  -2.10000,
,,,08.060000000000,  -2.06000,
,,,08.070000000000,  -2.08000,
,,,08.080000000000,  -2.10000,
,,,08.090000000000,  -2.12000,
,,,08.100000000000,  -2.12000,
,,,08.110000000000,  -2.04000,
,,,08.120000000000,  -2.10000,
,,,08.130000000000,  -2.10000,
,,,08.140000000000,  -2.12000,
,,,08.150000000000,  -2.10000,
,,,08.160000000000,  -2.06000,
,,,08.170000000000,  -2.10000,
,,,08.180000000000,  -2.10000,
,,,08.190000000000,  -2.12000,
,,,08.200000000000,  -2.10000,
,,,08.210000000000,  -2.08000,
,,,08.220000000000,  -2.10000,
,,,08.230000000000,  -2.10000,
,,,08.240000000000,  -2.12000,
,,,08.250000000000,  -2.12000,
,,,08.260000000000,  -2.06000,
,,,08.270000000000,  -2.10000,
,,,08.280000000000,  -2.12000,
,,,08.290000000000,  -2.12000,
,,,08.300000000000,  -2.12000,
,,,08.310000000000,  -2.06000,
,,,08.320000000000,  -2.10000,
,,,08.330000000000,  -2.12000,
,,,08.340000000000,  -2.14000,
,,,08.350000000000,  -2.12000,
,,,08.360000000000,  -2.06000,
,,,08.370000000000,  -2.10000,
,,,08.380000000000,  -2.12000,
,,,08.390000000000,  -2.14000,
,,,08.400000000000,  -2.14000,
,,,08.410000000000,  -2.08000,
,,,08.420000000000,  -2.12000,
,,,08.430000000000,  -2.14000,
,,,08.440000000000,  -2.14000,
,,,08.450000000000,  -2.12000,
,,,08.460000000000,  -2.08000,
,,,08.470000000000,  -2.12000,
,,,08.480000000000,  -2.12000,
,,,08.490000000000,  -2.16000,
,,,08.500000000000,  -2.14000,
,,,08.510000000000,  -2.08000,
,,,08.520000000000,  -2.12000,
,,,08.530000000000,  -2.12000,
,,,08.540000000000,  -2.16000,
,,,08.550000000000,  -2.12000,
,,,08.560000000000,  -2.08000,
,,,08.570000000000,  -2.12000,
,,,08.580000000000,  -2.14000,
,,,08.590000000000,  -2.16000,
,,,08.600000000000,  -2.14000,
,,,08.610000000000,  -2.08000,
,,,08.620000000000,  -2.14000,
,,,08.630000000000,  -2.16000,
,,,08.640000000000,  -2.16000,
,,,08.650000000000,  -2.14000,
,,,08.660000000000,  -2.10000,
,,,08.670000000000,  -2.12000,
,,,08.680000000000,  -2.12000,
,,,08.690000000000,  -2.16000,
,,,08.700000000000,  -2.14000,
,,,08.710000000000,  -2.10000,
,,,08.720000000000,  -2.14000,
,,,08.730000000000,  -2.14000,
,,,08.740000000000,  -2.16000,
,,,08.750000000000,  -2.16000,
,,,08.760000000000,  -2.10000,
,,,08.770000000000,  -2.14000,
,,,08.780000000000,  -2.14000,
,,,08.790000000000,  -2.18000,
,,,08.800000000000,  -2.16000,
,,,08.810000000000,  -2.12000,
,,,08.820000000000,  -2.14000,
,,,08.830000000000,  -2.16000,
,,,08.840000000000,  -2.18000,
,,,08.850000000000,  -2.16000,
,,,08.860000000000,  -2.12000,
,,,08.870000000000,  -2.14000,
,,,08.880000000000,  -2.16000,
,,,08.890000000000,  -2.16000,
,,,08.900000000000,  -2.16000,
,,,08.910000000000,  -2.08000,
,,,08.920000000000,  -2.16000,
,,,08.930000000000,  -2.16000,
,,,08.940000000000,  -2.18000,
,,,08.950000000000,  -2.16000,
,,,08.960000000000,  -2.12000,
,,,08.970000000000,  -2.16000,
,,,08.980000000000,  -2.16000,
,,,08.990000000000,  -2.18000,
,,,09.000000000000,  -2.16000,
,,,09.010000000000,  -2.12000,
,,,09.020000000000,  -2.16000,
,,,09.030000000000,  -2.16000,
,,,09.040000000000,  -2.18000,
,,,09.050000000000,  -2.16000,
,,,09.060000000000,  -2.12000,
,,,09.070000000000,  -2.16000,
,,,09.080000000000,  -2.16000,
,,,09.090000000000,  -2.18000,
,,,09.100000000000,  -2.16000,
,,,09.110000000000,  -2.12000,
,,,09.120000000000,  -2.16000,
,,,09.130000000000,  -2.18000,
,,,09.140000000000,  -2.20000,
,,,09.150000000000,  -2.18000,
,,,09.160000000000,  -2.12000,
,,,09.170000000000,  -2.16000,
,,,09.180000000000,  -2.18000,
,,,09.190000000000,  -2.18000,
,,,09.200000000000,  -2.18000,
,,,09.210000000000,  -2.14000,
,,,09.220000000000,  -2.16000,
,,,09.230000000000,  -2.18000,
,,,09.240000000000,  -2.20000,
,,,09.250000000000,  -2.18000,
,,,09.260000000000,  -2.14000,
,,,09.270000000000,  -2.16000,
,,,09.280000000000,  -2.16000,
,,,09.290000000000,  -2.22000,
,,,09.300000000000,  -2.20000,
,,,09.310000000000,  -2.14000,
,,,09.320000000000,  -2.18000,
,,,09.330000000000,  -2.18000,
,,,09.340000000000,  -2.22000,
,,,09.350000000000,  -2.16000,
,,,09.360000000000,  -2.12000,
,,,09.370000000000,  -2.18000,
,,,09.380000000000,  -2.18000,
,,,09.390000000000,  -2.22000,
,,,09.400000000000,  -2.18000,
,,,09.410000000000,  -2.16000,
,,,09.420000000000,  -2.18000,
,,,09.430000000000,  -2.20000,
,,,09.440000000000,  -2.24000,
,,,09.450000000000,  -2.20000,
,,,09.460000000000,  -2.16000,
,,,09.470000000000,  -2.18000,
,,,09.480000000000,  -2.18000,
,,,09.490000000000,  -2.22000,
,,,09.500000000000,  -2.20000,
,,,09.510000000000,  -2.16000,
,,,09.520000000000,  -2.20000,
,,,09.530000000000,  -2.20000,
,,,09.540000000000,  -2.22000,
,,,09.550000000000,  -2.20000,
,,,09.560000000000,  -2.16000,
,,,09.570000000000,  -2.20000,
,,,09.580000000000,  -2.20000,
,,,09.590000000000,  -2.22000,
,,,09.600000000000,  -2.20000,
,,,09.610000000000,  -2.14000,
,,,09.620000000000,  -2.20000,
,,,09.630000000000,  -2.20000,
,,,09.640000000000,  -2.22000,
,,,09.650000000000,  -2.20000,
,,,09.660000000000,  -2.16000,
,,,09.670000000000,  -2.20000,
,,,09.680000000000,  -2.22000,
,,,09.690000000000,  -2.24000,
,,,09.700000000000,  -2.24000,
,,,09.710000000000,  -2.16000,
,,,09.720000000000,  -2.18000,
,,,09.730000000000,  -2.22000,
,,,09.740000000000,  -2.24000,
,,,09.750000000000,  -2.22000,
,,,09.760000000000,  -2.18000,
,,,09.770000000000,  -2.20000,
,,,09.780000000000,  -2.20000,
,,,09.790000000000,  -2.24000,
,,,09.800000000000,  -2.22000,
,,,09.810000000000,  -2.16000,
,,,09.820000000000,  -2.20000,
,,,09.830000000000,  -2.22000,
,,,09.840000000000,  -2.22000,
,,,09.850000000000,  -2.20000,
,,,09.860000000000,  -2.18000,
,,,09.870000000000,  -2.20000,
,,,09.880000000000,  -2.20000,
,,,09.890000000000,  -2.24000,
,,,09.900000000000,  -2.22000,
,,,09.910000000000,  -2.16000,
,,,09.920000000000,  -2.20000,
,,,09.930000000000,  -2.20000,
,,,09.940000000000,  -2.24000,
,,,09.950000000000,  -2.24000,
,,,09.960000000000,  -2.16000,
,,,09.970000000000,  -2.20000,
,,,09.980000000000,  -2.22000,
,,,09.990000000000,  -2.24000,
,,,10.000000000000,  -2.22000,
,,,10.010000000000,  -2.18000,
,,,10.020000000000,  -2.22000,
,,,10.030000000000,  -2.22000,
,,,10.040000000000,  -2.24000,
,,,10.050000000000,  -2.24000,
,,,10.060000000000,  -2.18000,
,,,10.070000000000,  -2.22000,
,,,10.080000000000,  -2.24000,
,,,10.090000000000,  -2.24000,
,,,10.100000000000,  -2.24000,
,,,10.110000000000,  -2.20000,
,,,10.120000000000,  -2.22000,
,,,10.130000000000,  -2.22000,
,,,10.140000000000,  -2.26000,
,,,10.150000000000,  -2.24000,
,,,10.160000000000,  -2.18000,
,,,10.170000000000,  -2.24000,
,,,10.180000000000,  -2.24000,
,,,10.190000000000,  -2.26000,
,,,10.200000000000,  -2.24000,
,,,10.210000000000,  -2.18000,
,,,10.220000000000,  -2.24000,
,,,10.230000000000,  -2.22000,
,,,10.240000000000,  -2.28000,
,,,10.250000000000,  -2.24000,
,,,10.260000000000,  -2.18000,
,,,10.270000000000,  -2.24000,
,,,10.280000000000,  -2.24000,
,,,10.290000000000,  -2.26000,
,,,10.300000000000,  -2.24000,
,,,10.310000000000,  -2.18000,
,,,10.320000000000,  -2.24000,
,,,10.330000000000,  -2.24000,
,,,10.340000000000,  -2.26000,
,,,10.350000000000,  -2.24000,
,,,10.360000000000,  -2.20000,
,,,10.370000000000,  -2.22000,
,,,10.380000000000,  -2.24000,
,,,10.390000000000,  -2.28000,
,,,10.400000000000,  -2.24000,
,,,10.410000000000,  -2.18000,
,,,10.420000000000,  -2.24000,
,,,10.430000000000,  -2.24000,
,,,10.440000000000,  -2.26000,
,,,10.450000000000,  -2.26000,
,,,10.460000000000,  -2.18000,
,,,10.470000000000,  -2.24000,
,,,10.480000000000,  -2.26000,
,,,10.490000000000,  -2.28000,
,,,10.500000000000,  -2.26000,
,,,10.510000000000,  -2.20000,
,,,10.520000000000,  -2.24000,
,,,10.530000000000,  -2.24000,
,,,10.540000000000,  -2.28000,
,,,10.550000000000,  -2.24000,
,,,10.560000000000,  -2.18000,
,,,10.570000000000,  -2.24000,
,,,10.580000000000,  -2.26000,
,,,10.590000000000,  -2.28000,
,,,10.600000000000,  -2.26000,
,,,10.610000000000,  -2.20000,
,,,10.620000000000,  -2.24000,
,,,10.630000000000,  -2.26000,
,,,10.640000000000,  -2.28000,
,,,10.650000000000,  -2.26000,
,,,10.660000000000,  -2.20000,
,,,10.670000000000,  -2.26000,
,,,10.680000000000,  -2.26000,
,,,10.690000000000,  -2.28000,
,,,10.700000000000,  -2.26000,
,,,10.710000000000,  -2.22000,
,,,10.720000000000,  -2.26000,
,,,10.730000000000,  -2.24000,
,,,10.740000000000,  -2.28000,
,,,10.750000000000,  -2.26000,
,,,10.760000000000,  -2.22000,
,,,10.770000000000,  -2.26000,
,,,10.780000000000,  -2.26000,
,,,10.790000000000,  -2.30000,
,,,10.800000000000,  -2.28000,
,,,10.810000000000,  -2.22000,
,,,10.820000000000,  -2.26000,
,,,10.830000000000,  -2.28000,
,,,10.840000000000,  -2.28000,
,,,10.850000000000,  -2.28000,
,,,10.860000000000,  -2.22000,
,,,10.870000000000,  -2.24000,
,,,10.880000000000,  -2.28000,
,,,10.890000000000,  -2.28000,
,,,10.900000000000,  -2.28000,
,,,10.910000000000,  -2.22000,
,,,10.920000000000,  -2.28000,
,,,10.930000000000,  -2.28000,
,,,10.940000000000,  -2.28000,
,,,10.950000000000,  -2.26000,
,,,10.960000000000,  -2.24000,
,,,10.970000000000,  -2.26000,
,,,10.980000000000,  -2.28000,
,,,10.990000000000,  -2.32000,
,,,11.000000000000,  -2.28000,
,,,11.010000000000,  -2.22000,
,,,11.020000000000,  -2.26000,
,,,11.030000000000,  -2.28000,
,,,11.040000000000,  -2.30000,
,,,11.050000000000,  -2.28000,
,,,11.060000000000,  -2.24000,
,,,11.070000000000,  -2.26000,
,,,11.080000000000,  -2.28000,
,,,11.090000000000,  -2.32000,
,,,11.100000000000,  -2.28000,
,,,11.110000000000,  -2.22000,
,,,11.120000000000,  -2.28000,
,,,11.130000000000,  -2.28000,
,,,11.140000000000,  -2.32000,
,,,11.150000000000,  -2.28000,
,,,11.160000000000,  -2.24000,
,,,11.170000000000,  -2.28000,
,,,11.180000000000,  -2.28000,
,,,11.190000000000,  -2.32000,
,,,11.200000000000,  -2.28000,
,,,11.210000000000,  -2.22000,
,,,11.220000000000,  -2.28000,
,,,11.230000000000,  -2.28000,
,,,11.240000000000,  -2.32000,
,,,11.250000000000,  -2.30000,
,,,11.260000000000,  -2.24000,
,,,11.270000000000,  -2.28000,
,,,11.280000000000,  -2.30000,
,,,11.290000000000,  -2.32000,
,,,11.300000000000,  -2.30000,
,,,11.310000000000,  -2.24000,
,,,11.320000000000,  -2.28000,
,,,11.330000000000,  -2.30000,
,,,11.340000000000,  -2.32000,
,,,11.350000000000,  -2.30000,
,,,11.360000000000,  -2.24000,
,,,11.370000000000,  -2.30000,
,,,11.380000000000,  -2.28000,
,,,11.390000000000,  -2.32000,
,,,11.400000000000,  -2.32000,
,,,11.410000000000,  -2.24000,
,,,11.420000000000,  -2.30000,
,,,11.430000000000,  -2.28000,
,,,11.440000000000,  -2.32000,
,,,11.450000000000,  -2.30000,
,,,11.460000000000,  -2.24000,
,,,11.470000000000,  -2.28000,
,,,11.480000000000,  -2.30000,
,,,11.490000000000,  -2.32000,
,,,11.500000000000,  -2.30000,
,,,11.510000000000,  -2.28000,
,,,11.520000000000,  -2.28000,
,,,11.530000000000,  -2.30000,
,,,11.540000000000,  -2.32000,
,,,11.550000000000,  -2.30000,
,,,11.560000000000,  -2.24000,
,,,11.570000000000,  -2.28000,
,,,11.580000000000,  -2.30000,
,,,11.590000000000,  -2.34000,
,,,11.600000000000,  -2.30000,
,,,11.610000000000,  -2.24000,
,,,11.620000000000,  -2.30000,
,,,11.630000000000,  -2.32000,
,,,11.640000000000,  -2.32000,
,,,11.650000000000,  -2.28000,
,,,11.660000000000,  -2.24000,
,,,11.670000000000,  -2.30000,
,,,11.680000000000,  -2.32000,
,,,11.690000000000,  -2.34000,
,,,11.700000000000,  -2.32000,
,,,11.710000000000,  -2.26000,
,,,11.720000000000,  -2.32000,
,,,11.730000000000,  -2.30000,
,,,11.740000000000,  -2.34000,
,,,11.750000000000,  -2.34000,
,,,11.760000000000,  -2.26000,
,,,11.770000000000,  -2.30000,
,,,11.780000000000,  -2.32000,
,,,11.790000000000,  -2.34000,
,,,11.800000000000,  -2.32000,
,,,11.810000000000,  -2.26000,
,,,11.820000000000,  -2.30000,
,,,11.830000000000,  -2.30000,
,,,11.840000000000,  -2.34000,
,,,11.850000000000,  -2.32000,
,,,11.860000000000,  -2.26000,
,,,11.870000000000,  -2.30000,
,,,11.880000000000,  -2.30000,
,,,11.890000000000,  -2.36000,
,,,11.900000000000,  -2.32000,
,,,11.910000000000,  -2.28000,
,,,11.920000000000,  -2.30000,
,,,11.930000000000,  -2.32000,
,,,11.940000000000,  -2.34000,
,,,11.950000000000,  -2.34000,
,,,11.960000000000,  -2.26000,
,,,11.970000000000,  -2.32000,
,,,11.980000000000,  -2.32000,
,,,11.990000000000,  -2.34000,
,,,12.000000000000,  -2.32000,
,,,12.010000000000,  -2.26000,
,,,12.020000000000,  -2.30000,
,,,12.030000000000,  -2.32000,
,,,12.040000000000,  -2.36000,
,,,12.050000000000,  -2.34000,
,,,12.060000000000,  -2.28000,
,,,12.070000000000,  -2.32000,
,,,12.080000000000,  -2.34000,
,,,12.090000000000,  -2.34000,
,,,12.100000000000,  -2.34000,
,,,12.110000000000,  -2.28000,
,,,12.120000000000,  -2.32000,
,,,12.130000000000,  -2.34000,
,,,12.140000000000,  -2.34000,
,,,12.150000000000,  -2.32000,
,,,12.160000000000,  -2.28000,
,,,12.170000000000,  -2.34000,
,,,12.180000000000,  -2.34000,
,,,12.190000000000,  -2.34000,
,,,12.200000000000,  -2.34000,
,,,12.210000000000,  -2.28000,
,,,12.220000000000,  -2.30000,
,,,12.230000000000,  -2.32000,
,,,12.240000000000,  -2.36000,
,,,12.250000000000,  -2.34000,
,,,12.260000000000,  -2.28000,
,,,12.270000000000,  -2.34000,
,,,12.280000000000,  -2.34000,
,,,12.290000000000,  -2.38000,
,,,12.300000000000,  -2.34000,
,,,12.310000000000,  -2.28000,
,,,12.320000000000,  -2.34000,
,,,12.330000000000,  -2.34000,
,,,12.340000000000,  -2.36000,
,,,12.350000000000,  -2.34000,
,,,12.360000000000,  -2.28000,
,,,12.370000000000,  -2.32000,
,,,12.380000000000,  -2.32000,
,,,12.390000000000,  -2.36000,
,,,12.400000000000,  -2.34000,
,,,12.410000000000,  -2.28000,
,,,12.420000000000,  -2.32000,
,,,12.430000000000,  -2.32000,
,,,12.440000000000,  -2.36000,
,,,12.450000000000,  -2.34000,
,,,12.460000000000,  -2.28000,
,,,12.470000000000,  -2.34000,
,,,12.480000000000,  -2.34000,
,,,12.490000000000,  -2.36000,
,,,12.500000000000,  -2.34000,
,,,12.510000000000,  -2.30000,
,,,12.520000000000,  -2.34000,
,,,12.530000000000,  -2.34000,
,,,12.540000000000,  -2.36000,
,,,12.550000000000,  -2.34000,
,,,12.560000000000,  -2.28000,
,,,12.570000000000,  -2.34000,
,,,12.580000000000,  -2.34000,
,,,12.590000000000,  -2.38000,
,,,12.600000000000,  -2.34000,
,,,12.610000000000,  -2.28000,
,,,12.620000000000,  -2.34000,
,,,12.630000000000,  -2.34000,
,,,12.640000000000,  -2.36000,
,,,12.650000000000,  -2.34000,
,,,12.660000000000,  -2.28000,
,,,12.670000000000,  -2.34000,
,,,12.680000000000,  -2.34000,
,,,12.690000000000,  -2.38000,
,,,12.700000000000,  -2.34000,
,,,12.710000000000,  -2.28000,
,,,12.720000000000,  -2.34000,
,,,12.730000000000,  -2.34000,
,,,12.740000000000,  -2.36000,
,,,12.750000000000,  -2.34000,
,,,12.760000000000,  -2.28000,
,,,12.770000000000,  -2.34000,
,,,12.780000000000,  -2.36000,
,,,12.790000000000,  -2.38000,
,,,12.800000000000,  -2.36000,
,,,12.810000000000,  -2.30000,
,,,12.820000000000,  -2.32000,
,,,12.830000000000,  -2.34000,
,,,12.840000000000,  -2.38000,
,,,12.850000000000,  -2.34000,
,,,12.860000000000,  -2.30000,
,,,12.870000000000,  -2.34000,
,,,12.880000000000,  -2.34000,
,,,12.890000000000,  -2.38000,
,,,12.900000000000,  -2.34000,
,,,12.910000000000,  -2.30000,
,,,12.920000000000,  -2.34000,
,,,12.930000000000,  -2.36000,
,,,12.940000000000,  -2.40000,
,,,12.950000000000,  -2.36000,
,,,12.960000000000,  -2.30000,
,,,12.970000000000,  -2.34000,
,,,12.980000000000,  -2.34000,
,,,12.990000000000,  -2.38000,
,,,13.000000000000,  -2.36000,
,,,13.010000000000,  -2.30000,
,,,13.020000000000,  -2.34000,
,,,13.030000000000,  -2.34000,
,,,13.040000000000,  -2.36000,
,,,13.050000000000,  -2.34000,
,,,13.060000000000,  -2.30000,
,,,13.070000000000,  -2.34000,
,,,13.080000000000,  -2.34000,
,,,13.090000000000,  -2.38000,
,,,13.100000000000,  -2.36000,
,,,13.110000000000,  -2.30000,
,,,13.120000000000,  -2.34000,
,,,13.130000000000,  -2.34000,
,,,13.140000000000,  -2.38000,
,,,13.150000000000,  -2.34000,
,,,13.160000000000,  -2.32000,
,,,13.170000000000,  -2.36000,
,,,13.180000000000,  -2.36000,
,,,13.190000000000,  -2.38000,
,,,13.200000000000,  -2.36000,
,,,13.210000000000,  -2.30000,
,,,13.220000000000,  -2.34000,
,,,13.230000000000,  -2.34000,
,,,13.240000000000,  -2.38000,
,,,13.250000000000,  -2.36000,
,,,13.260000000000,  -2.30000,
,,,13.270000000000,  -2.36000,
,,,13.280000000000,  -2.36000,
,,,13.290000000000,  -2.40000,
,,,13.300000000000,  -2.36000,
,,,13.310000000000,  -2.32000,
,,,13.320000000000,  -2.34000,
,,,13.330000000000,  -2.34000,
,,,13.340000000000,  -2.40000,
,,,13.350000000000,  -2.36000,
,,,13.360000000000,  -2.32000,
,,,13.370000000000,  -2.34000,
,,,13.380000000000,  -2.38000,
,,,13.390000000000,  -2.38000,
,,,13.400000000000,  -2.36000,
,,,13.410000000000,  -2.30000,
,,,13.420000000000,  -2.36000,
,,,13.430000000000,  -2.34000,
,,,13.440000000000,  -2.40000,
,,,13.450000000000,  -2.36000,
,,,13.460000000000,  -2.30000,
,,,13.470000000000,  -2.36000,
,,,13.480000000000,  -2.38000,
,,,13.490000000000,  -2.38000,
,,,13.500000000000,  -2.36000,
,,,13.510000000000,  -2.32000,
,,,13.520000000000,  -2.36000,
,,,13.530000000000,  -2.36000,
,,,13.540000000000,  -2.40000,
,,,13.550000000000,  -2.38000,
,,,13.560000000000,  -2.32000,
,,,13.570000000000,  -2.36000,
,,,13.580000000000,  -2.36000,
,,,13.590000000000,  -2.38000,
,,,13.600000000000,  -2.38000,
,,,13.610000000000,  -2.32000,
,,,13.620000000000,  -2.36000,
,,,13.630000000000,  -2.36000,
,,,13.640000000000,  -2.40000,
,,,13.650000000000,  -2.38000,
,,,13.660000000000,  -2.32000,
,,,13.670000000000,  -2.36000,
,,,13.680000000000,  -2.36000,
,,,13.690000000000,  -2.40000,
,,,13.700000000000,  -2.38000,
,,,13.710000000000,  -2.34000,
,,,13.720000000000,  -2.36000,
,,,13.730000000000,  -2.36000,
,,,13.740000000000,  -2.38000,
,,,13.750000000000,  -2.38000,
,,,13.760000000000,  -2.32000,
,,,13.770000000000,  -2.36000,
,,,13.780000000000,  -2.36000,
,,,13.790000000000,  -2.38000,
,,,13.800000000000,  -2.38000,
,,,13.810000000000,  -2.32000,
,,,13.820000000000,  -2.36000,
,,,13.830000000000,  -2.38000,
,,,13.840000000000,  -2.40000,
,,,13.850000000000,  -2.38000,
,,,13.860000000000,  -2.32000,
,,,13.870000000000,  -2.36000,
,,,13.880000000000,  -2.38000,
,,,13.890000000000,  -2.40000,
,,,13.900000000000,  -2.38000,
,,,13.910000000000,  -2.30000,
,,,13.920000000000,  -2.36000,
,,,13.930000000000,  -2.36000,
,,,13.940000000000,  -2.40000,
,,,13.950000000000,  -2.38000,
,,,13.960000000000,  -2.34000,
,,,13.970000000000,  -2.36000,
,,,13.980000000000,  -2.40000,
,,,13.990000000000,  -2.40000,
,,,14.000000000000,  -2.40000,
,,,14.010000000000,  -2.34000,
,,,14.020000000000,  -2.36000,
,,,14.030000000000,  -2.38000,
,,,14.040000000000,  -2.40000,
,,,14.050000000000,  -2.38000,
,,,14.060000000000,  -2.34000,
,,,14.070000000000,  -2.36000,
,,,14.080000000000,  -2.36000,
,,,14.090000000000,  -2.40000,
,,,14.100000000000,  -2.40000,
,,,14.110000000000,  -2.32000,
,,,14.120000000000,  -2.36000,
,,,14.130000000000,  -2.38000,
,,,14.140000000000,  -2.38000,
,,,14.150000000000,  -2.40000,
,,,14.160000000000,  -2.34000,
,,,14.170000000000,  -2.38000,
,,,14.180000000000,  -2.38000,
,,,14.190000000000,  -2.40000,
,,,14.200000000000,  -2.40000,
,,,14.210000000000,  -2.32000,
,,,14.220000000000,  -2.36000,
,,,14.230000000000,  -2.36000,
,,,14.240000000000,  -2.42000,
,,,14.250000000000,  -2.38000,
,,,14.260000000000,  -2.34000,
,,,14.270000000000,  -2.38000,
,,,14.280000000000,  -2.36000,
,,,14.290000000000,  -2.40000,
,,,14.300000000000,  -2.40000,
,,,14.310000000000,  -2.34000,
,,,14.320000000000,  -2.38000,
,,,14.330000000000,  -2.38000,
,,,14.340000000000,  -2.40000,
,,,14.350000000000,  -2.40000,
,,,14.360000000000,  -2.34000,
,,,14.370000000000,  -2.36000,
,,,14.380000000000,  -2.38000,
,,,14.390000000000,  -2.42000,
,,,14.400000000000,  -2.40000,
,,,14.410000000000,  -2.36000,
,,,14.420000000000,  -2.36000,
,,,14.430000000000,  -2.40000,
,,,14.440000000000,  -2.42000,
,,,14.450000000000,  -2.38000,
,,,14.460000000000,  -2.34000,
,,,14.470000000000,  -2.38000,
,,,14.480000000000,  -2.38000,
,,,14.490000000000,  -2.42000,
,,,14.500000000000,  -2.42000,
,,,14.510000000000,  -2.34000,
,,,14.520000000000,  -2.38000,
,,,14.530000000000,  -2.40000,
,,,14.540000000000,  -2.42000,
,,,14.550000000000,  -2.40000,
,,,14.560000000000,  -2.36000,
,,,14.570000000000,  -2.38000,
,,,14.580000000000,  -2.40000,
,,,14.590000000000,  -2.44000,
,,,14.600000000000,  -2.40000,
,,,14.610000000000,  -2.36000,
,,,14.620000000000,  -2.38000,
,,,14.630000000000,  -2.40000,
,,,14.640000000000,  -2.44000,
,,,14.650000000000,  -2.40000,
,,,14.660000000000,  -2.36000,
,,,14.670000000000,  -2.38000,
,,,14.680000000000,  -2.40000,
,,,14.690000000000,  -2.42000,
,,,14.700000000000,  -2.38000,
,,,14.710000000000,  -2.34000,
,,,14.720000000000,  -2.38000,
,,,14.730000000000,  -2.40000,
,,,14.740000000000,  -2.42000,
,,,14.750000000000,  -2.42000,
,,,14.760000000000,  -2.36000,
,,,14.770000000000,  -2.40000,
,,,14.780000000000,  -2.40000,
,,,14.790000000000,  -2.44000,
,,,14.800000000000,  -2.40000,
,,,14.810000000000,  -2.36000,
,,,14.820000000000,  -2.40000,
,,,14.830000000000,  -2.40000,
,,,14.840000000000,  -2.42000,
,,,14.850000000000,  -2.44000,
,,,14.860000000000,  -2.36000,
,,,14.870000000000,  -2.40000,
,,,14.880000000000,  -2.40000,
,,,14.890000000000,  -2.44000,
,,,14.900000000000,  -2.42000,
,,,14.910000000000,  -2.36000,
,,,14.920000000000,  -2.40000,
,,,14.930000000000,  -2.40000,
,,,14.940000000000,  -2.44000,
,,,14.950000000000,  -2.42000,
,,,14.960000000000,  -2.36000,
,,,14.970000000000,  -2.40000,
,,,14.980000000000,  -2.40000,
,,,14.990000000000,  -2.44000,
,,,15.000000000000,  -2.42000,
,,,15.010000000000,  -2.34000,
,,,15.020000000000,  -2.40000,
,,,15.030000000000,  -2.40000,
,,,15.040000000000,  -2.44000,
,,,15.050000000000,  -2.42000,
,,,15.060000000000,  -2.40000,
,,,15.070000000000,  -2.40000,
,,,15.080000000000,  -2.42000,
,,,15.090000000000,  -2.44000,
,,,15.100000000000,  -2.42000,
,,,15.110000000000,  -2.36000,
,,,15.120000000000,  -2.40000,
,,,15.130000000000,  -2.40000,
,,,15.140000000000,  -2.44000,
,,,15.150000000000,  -2.44000,
,,,15.160000000000,  -2.36000,
,,,15.170000000000,  -2.40000,
,,,15.180000000000,  -2.40000,
,,,15.190000000000,  -2.44000,
,,,15.200000000000,  -2.44000,
,,,15.210000000000,  -2.36000,
,,,15.220000000000,  -2.40000,
,,,15.230000000000,  -2.42000,
,,,15.240000000000,  -2.44000,
,,,15.250000000000,  -2.44000,
,,,15.260000000000,  -2.38000,
,,,15.270000000000,  -2.40000,
,,,15.280000000000,  -2.42000,
,,,15.290000000000,  -2.44000,
,,,15.300000000000,  -2.42000,
,,,15.310000000000,  -2.36000,
,,,15.320000000000,  -2.40000,
,,,15.330000000000,  -2.42000,
,,,15.340000000000,  -2.44000,
,,,15.350000000000,  -2.42000,
,,,15.360000000000,  -2.36000,
,,,15.370000000000,  -2.42000,
,,,15.380000000000,  -2.42000,
,,,15.390000000000,  -2.44000,
,,,15.400000000000,  -2.42000,
,,,15.410000000000,  -2.34000,
,,,15.420000000000,  -2.40000,
,,,15.430000000000,  -2.42000,
,,,15.440000000000,  -2.44000,
,,,15.450000000000,  -2.44000,
,,,15.460000000000,  -2.36000,
,,,15.470000000000,  -2.40000,
,,,15.480000000000,  -2.42000,
,,,15.490000000000,  -2.46000,
,,,15.500000000000,  -2.44000,
,,,15.510000000000,  -2.38000,
,,,15.520000000000,  -2.40000,
,,,15.530000000000,  -2.42000,
,,,15.540000000000,  -2.42000,
,,,15.550000000000,  -2.42000,
,,,15.560000000000,  -2.38000,
,,,15.570000000000,  -2.42000,
,,,15.580000000000,  -2.40000,
,,,15.590000000000,  -2.42000,
,,,15.600000000000,  -2.46000,
,,,15.610000000000,  -2.36000,
,,,15.620000000000,  -2.40000,
,,,15.630000000000,  -2.42000,
,,,15.640000000000,  -2.44000,
,,,15.650000000000,  -2.44000,
,,,15.660000000000,  -2.38000,
,,,15.670000000000,  -2.40000,
,,,15.680000000000,  -2.42000,
,,,15.690000000000,  -2.44000,
,,,15.700000000000,  -2.44000,
,,,15.710000000000,  -2.36000,
,,,15.720000000000,  -2.42000,
,,,15.730000000000,  -2.40000,
,,,15.740000000000,  -2.46000,
,,,15.750000000000,  -2.44000,
,,,15.760000000000,  -2.36000,
,,,15.770000000000,  -2.40000,
,,,15.780000000000,  -2.42000,
,,,15.790000000000,  -2.44000,
,,,15.800000000000,  -2.44000,
,,,15.810000000000,  -2.38000,
,,,15.820000000000,  -2.42000,
,,,15.830000000000,  -2.42000,
,,,15.840000000000,  -2.44000,
,,,15.850000000000,  -2.44000,
,,,15.860000000000,  -2.36000,
,,,15.870000000000,  -2.42000,
,,,15.880000000000,  -2.42000,
,,,15.890000000000,  -2.46000,
,,,15.900000000000,  -2.44000,
,,,15.910000000000,  -2.38000,
,,,15.920000000000,  -2.42000,
,,,15.930000000000,  -2.44000,
,,,15.940000000000,  -2.44000,
,,,15.950000000000,  -2.44000,
,,,15.960000000000,  -2.38000,
,,,15.970000000000,  -2.42000,
,,,15.980000000000,  -2.44000,
,,,15.990000000000,  -2.46000,
,,,16.000000000000,  -2.44000,
,,,16.010000000000,  -2.36000,
,,,16.020000000000,  -2.40000,
,,,16.030000000000,  -2.44000,
,,,16.040000000000,  -2.44000,
,,,16.050000000000,  -2.44000,
,,,16.060000000000,  -2.38000,
,,,16.070000000000,  -2.40000,
,,,16.080000000000,  -2.42000,
,,,16.090000000000,  -2.46000,
,,,16.100000000000,  -2.44000,
,,,16.110000000000,  -2.38000,
,,,16.120000000000,  -2.42000,
,,,16.130000000000,  -2.42000,
,,,16.140000000000,  -2.44000,
,,,16.150000000000,  -2.46000,
,,,16.160000000000,  -2.38000,
,,,16.170000000000,  -2.40000,
,,,16.180000000000,  -2.44000,
,,,16.190000000000,  -2.46000,
,,,16.200000000000,  -2.44000,
,,,16.210000000000,  -2.40000,
,,,16.220000000000,  -2.42000,
,,,16.230000000000,  -2.42000,
,,,16.240000000000,  -2.46000,
,,,16.250000000000,  -2.44000,
,,,16.260000000000,  -2.40000,
,,,16.270000000000,  -2.44000,
,,,16.280000000000,  -2.42000,
,,,16.290000000000,  -2.46000,
,,,16.300000000000,  -2.44000,
,,,16.310000000000,  -2.38000,
,,,16.320000000000,  -2.42000,
,,,16.330000000000,  -2.42000,
,,,16.340000000000,  -2.44000,
,,,16.350000000000,  -2.46000,
,,,16.360000000000,  -2.40000,
,,,16.370000000000,  -2.42000,
,,,16.380000000000,  -2.44000,
,,,16.390000000000,  -2.46000,
,,,16.400000000000,  -2.44000,
,,,16.410000000000,  -2.40000,
,,,16.420000000000,  -2.42000,
,,,16.430000000000,  -2.44000,
,,,16.440000000000,  -2.46000,
,,,16.450000000000,  -2.44000,
,,,16.460000000000,  -2.40000,
,,,16.470000000000,  -2.40000,
,,,16.480000000000,  -2.42000,
,,,16.490000000000,  -2.46000,
,,,16.500000000000,  -2.44000,
,,,16.510000000000,  -2.40000,
,,,16.520000000000,  -2.44000,
,,,16.530000000000,  -2.44000,
,,,16.540000000000,  -2.46000,
,,,16.550000000000,  -2.44000,
,,,16.560000000000,  -2.40000,
,,,16.570000000000,  -2.42000,
,,,16.580000000000,  -2.44000,
,,,16.590000000000,  -2.46000,
,,,16.600000000000,  -2.44000,
,,,16.610000000000,  -2.36000,
,,,16.620000000000,  -2.44000,
,,,16.630000000000,  -2.44000,
,,,16.640000000000,  -2.44000,
,,,16.650000000000,  -2.46000,
,,,16.660000000000,  -2.38000,
,,,16.670000000000,  -2.44000,
,,,16.680000000000,  -2.44000,
,,,16.690000000000,  -2.48000,
,,,16.700000000000,  -2.46000,
,,,16.710000000000,  -2.40000,
,,,16.720000000000,  -2.42000,
,,,16.730000000000,  -2.44000,
,,,16.740000000000,  -2.46000,
,,,16.750000000000,  -2.48000,
,,,16.760000000000,  -2.40000,
,,,16.770000000000,  -2.44000,
,,,16.780000000000,  -2.46000,
,,,16.790000000000,  -2.46000,
,,,16.800000000000,  -2.46000,
,,,16.810000000000,  -2.40000,
,,,16.820000000000,  -2.44000,
,,,16.830000000000,  -2.44000,
,,,16.840000000000,  -2.46000,
,,,16.850000000000,  -2.44000,
,,,16.860000000000,  -2.40000,
,,,16.870000000000,  -2.44000,
,,,16.880000000000,  -2.44000,
,,,16.890000000000,  -2.48000,
,,,16.900000000000,  -2.46000,
,,,16.910000000000,  -2.40000,
,,,16.920000000000,  -2.42000,
,,,16.930000000000,  -2.44000,
,,,16.940000000000,  -2.46000,
,,,16.950000000000,  -2.46000,
,,,16.960000000000,  -2.40000,
,,,16.970000000000,  -2.42000,
,,,16.980000000000,  -2.44000,
,,,16.990000000000,  -2.46000,
,,,17.000000000000,  -2.46000,
,,,17.010000000000,  -2.40000,
,,,17.020000000000,  -2.44000,
,,,17.030000000000,  -2.44000,
,,,17.040000000000,  -2.48000,
,,,17.050000000000,  -2.44000,
,,,17.060000000000,  -2.38000,
,,,17.070000000000,  -2.44000,
,,,17.080000000000,  -2.44000,
,,,17.090000000000,  -2.44000,
,,,17.100000000000,  -2.46000,
,,,17.110000000000,  -2.40000,
,,,17.120000000000,  -2.44000,
,,,17.130000000000,  -2.44000,
,,,17.140000000000,  -2.46000,
,,,17.150000000000,  -2.46000,
,,,17.160000000000,  -2.42000,
,,,17.170000000000,  -2.44000,
,,,17.180000000000,  -2.44000,
,,,17.190000000000,  -2.48000,
,,,17.200000000000,  -2.48000,
,,,17.210000000000,  -2.38000,
,,,17.220000000000,  -2.44000,
,,,17.230000000000,  -2.44000,
,,,17.240000000000,  -2.46000,
,,,17.250000000000,  -2.46000,
,,,17.260000000000,  -2.42000,
,,,17.270000000000,  -2.44000,
,,,17.280000000000,  -2.44000,
,,,17.290000000000,  -2.46000,
,,,17.300000000000,  -2.46000,
,,,17.310000000000,  -2.40000,
,,,17.320000000000,  -2.44000,
,,,17.330000000000,  -2.46000,
,,,17.340000000000,  -2.48000,
,,,17.350000000000,  -2.46000,
,,,17.360000000000,  -2.40000,
,,,17.370000000000,  -2.44000,
,,,17.380000000000,  -2.46000,
,,,17.390000000000,  -2.46000,
,,,17.400000000000,  -2.46000,
,,,17.410000000000,  -2.40000,
,,,17.420000000000,  -2.44000,
,,,17.430000000000,  -2.46000,
,,,17.440000000000,  -2.48000,
,,,17.450000000000,  -2.46000,
,,,17.460000000000,  -2.40000,
,,,17.470000000000,  -2.44000,
,,,17.480000000000,  -2.44000,
,,,17.490000000000,  -2.46000,
,,,17.500000000000,  -2.48000,
,,,17.510000000000,  -2.40000,
,,,17.520000000000,  -2.44000,
,,,17.530000000000,  -2.44000,
,,,17.540000000000,  -2.48000,
,,,17.550000000000,  -2.48000,
,,,17.560000000000,  -2.40000,
,,,17.570000000000,  -2.42000,
,,,17.580000000000,  -2.46000,
,,,17.590000000000,  -2.46000,
,,,17.600000000000,  -2.48000,
,,,17.610000000000,  -2.40000,
,,,17.620000000000,  -2.42000,
,,,17.630000000000,  -2.44000,
,,,17.640000000000,  -2.48000,
,,,17.650000000000,  -2.48000,
,,,17.660000000000,  -2.42000,
,,,17.670000000000,  -2.44000,
,,,17.680000000000,  -2.44000,
,,,17.690000000000,  -2.46000,
,,,17.700000000000,  -2.50000,
,,,17.710000000000,  -2.40000,
,,,17.720000000000,  -2.44000,
,,,17.730000000000,  -2.44000,
,,,17.740000000000,  -2.48000,
,,,17.750000000000,  -2.48000,
,,,17.760000000000,  -2.42000,
,,,17.770000000000,  -2.42000,
,,,17.780000000000,  -2.46000,
,,,17.790000000000,  -2.48000,
,,,17.800000000000,  -2.46000,
,,,17.810000000000,  -2.40000,
,,,17.820000000000,  -2.44000,
,,,17.830000000000,  -2.46000,
,,,17.840000000000,  -2.46000,
,,,17.850000000000,  -2.50000,
,,,17.860000000000,  -2.42000,
,,,17.870000000000,  -2.44000,
,,,17.880000000000,  -2.44000,
,,,17.890000000000,  -2.46000,
,,,17.900000000000,  -2.46000,
,,,17.910000000000,  -2.42000,
,,,17.920000000000,  -2.44000,
,,,17.930000000000,  -2.44000,
,,,17.940000000000,  -2.48000,
,,,17.950000000000,  -2.48000,
,,,17.960000000000,  -2.42000,
,,,17.970000000000,  -2.44000,
,,,17.980000000000,  -2.44000,
,,,17.990000000000,  -2.48000,
,,,18.000000000000,  -2.48000,
,,,18.010000000000,  -2.40000,
,,,18.020000000000,  -2.44000,
,,,18.030000000000,  -2.46000,
,,,18.040000000000,  -2.48000,
,,,18.050000000000,  -2.46000,
,,,18.060000000000,  -2.42000,
,,,18.070000000000,  -2.44000,
,,,18.080000000000,  -2.44000,
,,,18.090000000000,  -2.48000,
,,,18.100000000000,  -2.48000,
,,,18.110000000000,  -2.44000,
,,,18.120000000000,  -2.44000,
,,,18.130000000000,  -2.44000,
,,,18.140000000000,  -2.48000,
,,,18.150000000000,  -2.50000,
,,,18.160000000000,  -2.42000,
,,,18.170000000000,  -2.44000,
,,,18.180000000000,  -2.44000,
,,,18.190000000000,  -2.48000,
,,,18.200000000000,  -2.48000,
,,,18.210000000000,  -2.42000,
,,,18.220000000000,  -2.44000,
,,,18.230000000000,  -2.44000,
,,,18.240000000000,  -2.48000,
,,,18.250000000000,  -2.48000,
,,,18.260000000000,  -2.42000,
,,,18.270000000000,  -2.44000,
,,,18.280000000000,  -2.44000,
,,,18.290000000000,  -2.50000,
,,,18.300000000000,  -2.48000,
,,,18.310000000000,  -2.42000,
,,,18.320000000000,  -2.44000,
,,,18.330000000000,  -2.44000,
,,,18.340000000000,  -2.48000,
,,,18.350000000000,  -2.48000,
,,,18.360000000000,  -2.42000,
,,,18.370000000000,  -2.46000,
,,,18.380000000000,  -2.46000,
,,,18.390000000000,  -2.48000,
,,,18.400000000000,  -2.50000,
,,,18.410000000000,  -2.42000,
,,,18.420000000000,  -2.44000,
,,,18.430000000000,  -2.44000,
,,,18.440000000000,  -2.48000,
,,,18.450000000000,  -2.50000,
,,,18.460000000000,  -2.42000,
,,,18.470000000000,  -2.44000,
,,,18.480000000000,  -2.46000,
,,,18.490000000000,  -2.46000,
,,,18.500000000000,  -2.48000,
,,,18.510000000000,  -2.42000,
,,,18.520000000000,  -2.44000,
,,,18.530000000000,  -2.46000,
,,,18.540000000000,  -2.48000,
,,,18.550000000000,  -2.48000,
,,,18.560000000000,  -2.42000,
,,,18.570000000000,  -2.44000,
,,,18.580000000000,  -2.44000,
,,,18.590000000000,  -2.50000,
,,,18.600000000000,  -2.50000,
,,,18.610000000000,  -2.42000,
,,,18.620000000000,  -2.44000,
,,,18.630000000000,  -2.46000,
,,,18.640000000000,  -2.48000,
,,,18.650000000000,  -2.48000,
,,,18.660000000000,  -2.42000,
,,,18.670000000000,  -2.44000,
,,,18.680000000000,  -2.44000,
,,,18.690000000000,  -2.48000,
,,,18.700000000000,  -2.48000,
,,,18.710000000000,  -2.42000,
,,,18.720000000000,  -2.44000,
,,,18.730000000000,  -2.46000,
,,,18.740000000000,  -2.48000,
,,,18.750000000000,  -2.50000,
,,,18.760000000000,  -2.44000,
,,,18.770000000000,  -2.44000,
,,,18.780000000000,  -2.46000,
,,,18.790000000000,  -2.48000,
,,,18.800000000000,  -2.50000,
,,,18.810000000000,  -2.42000,
,,,18.820000000000,  -2.44000,
,,,18.830000000000,  -2.46000,
,,,18.840000000000,  -2.48000,
,,,18.850000000000,  -2.48000,
,,,18.860000000000,  -2.42000,
,,,18.870000000000,  -2.46000,
,,,18.880000000000,  -2.46000,
,,,18.890000000000,  -2.48000,
,,,18.900000000000,  -2.50000,
,,,18.910000000000,  -2.44000,
,,,18.920000000000,  -2.44000,
,,,18.930000000000,  -2.46000,
,,,18.940000000000,  -2.46000,
,,,18.950000000000,  -2.50000,
,,,18.960000000000,  -2.42000,
,,,18.970000000000,  -2.44000,
,,,18.980000000000,  -2.44000,
,,,18.990000000000,  -2.50000,
,,,19.000000000000,  -2.50000,
,,,19.010000000000,  -2.44000,
,,,19.020000000000,  -2.44000,
,,,19.030000000000,  -2.48000,
,,,19.040000000000,  -2.48000,
,,,19.050000000000,  -2.50000,
,,,19.060000000000,  -2.42000,
,,,19.070000000000,  -2.44000,
,,,19.080000000000,  -2.44000,
,,,19.090000000000,  -2.48000,
,,,19.100000000000,  -2.50000,
,,,19.110000000000,  -2.44000,
,,,19.120000000000,  -2.44000,
,,,19.130000000000,  -2.46000,
,,,19.140000000000,  -2.50000,
,,,19.150000000000,  -2.50000,
,,,19.160000000000,  -2.42000,
,,,19.170000000000,  -2.44000,
,,,19.180000000000,  -2.44000,
,,,19.190000000000,  -2.50000,
,,,19.200000000000,  -2.50000,
,,,19.210000000000,  -2.42000,
,,,19.220000000000,  -2.44000,
,,,19.230000000000,  -2.48000,
,,,19.240000000000,  -2.50000,
,,,19.250000000000,  -2.48000,
,,,19.260000000000,  -2.42000,
,,,19.270000000000,  -2.44000,
,,,19.280000000000,  -2.46000,
,,,19.290000000000,  -2.50000,
,,,19.300000000000,  -2.50000,
,,,19.310000000000,  -2.44000,
,,,19.320000000000,  -2.44000,
,,,19.330000000000,  -2.46000,
,,,19.340000000000,  -2.48000,
,,,19.350000000000,  -2.50000,
,,,19.360000000000,  -2.44000,
,,,19.370000000000,  -2.44000,
,,,19.380000000000,  -2.46000,
,,,19.390000000000,  -2.50000,
,,,19.400000000000,  -2.50000,
,,,19.410000000000,  -2.44000,
,,,19.420000000000,  -2.44000,
,,,19.430000000000,  -2.46000,
,,,19.440000000000,  -2.48000,
,,,19.450000000000,  -2.50000,
,,,19.460000000000,  -2.44000,
,,,19.470000000000,  -2.44000,
,,,19.480000000000,  -2.46000,
,,,19.490000000000,  -2.48000,
,,,19.500000000000,  -2.52000,
,,,19.510000000000,  -2.44000,
,,,19.520000000000,  -2.44000,
,,,19.530000000000,  -2.46000,
,,,19.540000000000,  -2.48000,
,,,19.550000000000,  -2.50000,
,,,19.560000000000,  -2.44000,
,,,19.570000000000,  -2.46000,
,,,19.580000000000,  -2.44000,
,,,19.590000000000,  -2.48000,
,,,19.600000000000,  -2.50000,
,,,19.610000000000,  -2.44000,
,,,19.620000000000,  -2.46000,
,,,19.630000000000,  -2.46000,
,,,19.640000000000,  -2.50000,
,,,19.650000000000,  -2.52000,
,,,19.660000000000,  -2.44000,
,,,19.670000000000,  -2.44000,
,,,19.680000000000,  -2.46000,
,,,19.690000000000,  -2.50000,
,,,19.700000000000,  -2.50000,
,,,19.710000000000,  -2.44000,
,,,19.720000000000,  -2.44000,
,,,19.730000000000,  -2.48000,
,,,19.740000000000,  -2.50000,
,,,19.750000000000,  -2.50000,
,,,19.760000000000,  -2.42000,
,,,19.770000000000,  -2.46000,
,,,19.780000000000,  -2.46000,
,,,19.790000000000,  -2.48000,
,,,19.800000000000,  -2.52000,
,,,19.810000000000,  -2.44000,
,,,19.820000000000,  -2.46000,
,,,19.830000000000,  -2.46000,
,,,19.840000000000,  -2.48000,
,,,19.850000000000,  -2.52000,
,,,19.860000000000,  -2.46000,
,,,19.870000000000,  -2.44000,
,,,19.880000000000,  -2.48000,
,,,19.890000000000,  -2.48000,
,,,19.900000000000,  -2.50000,
,,,19.910000000000,  -2.44000,
,,,19.920000000000,  -2.44000,
,,,19.930000000000,  -2.46000,
,,,19.940000000000,  -2.50000,
,,,19.950000000000,  -2.50000,
,,,19.960000000000,  -2.44000,
,,,19.970000000000,  -2.42000,
,,,19.980000000000,  -2.48000,
,,,19.990000000000,  -2.48000,
,,,20.000000000000,  -2.50000,
,,,20.010000000000,  -2.42000,
,,,20.020000000000,  -2.44000,
,,,20.030000000000,  -2.46000,
,,,20.040000000000,  -2.48000,
,,,20.050000000000,  -2.52000,
,,,20.060000000000,  -2.44000,
,,,20.070000000000,  -2.46000,
,,,20.080000000000,  -2.46000,
,,,20.090000000000,  -2.50000,
,,,20.100000000000,  -2.50000,
,,,20.110000000000,  -2.44000,
,,,20.120000000000,  -2.46000,
,,,20.130000000000,  -2.46000,
,,,20.140000000000,  -2.48000,
,,,20.150000000000,  -2.50000,
,,,20.160000000000,  -2.44000,
,,,20.170000000000,  -2.44000,
,,,20.180000000000,  -2.48000,
,,,20.190000000000,  -2.50000,
,,,20.200000000000,  -2.50000,
,,,20.210000000000,  -2.46000,
,,,20.220000000000,  -2.44000,
,,,20.230000000000,  -2.46000,
,,,20.240000000000,  -2.50000,
,,,20.250000000000,  -2.50000,
,,,20.260000000000,  -2.44000,
,,,20.270000000000,  -2.46000,
,,,20.280000000000,  -2.46000,
,,,20.290000000000,  -2.48000,
,,,20.300000000000,  -2.50000,
,,,20.310000000000,  -2.44000,
,,,20.320000000000,  -2.44000,
,,,20.330000000000,  -2.48000,
,,,20.340000000000,  -2.50000,
,,,20.350000000000,  -2.50000,
,,,20.360000000000,  -2.44000,
,,,20.370000000000,  -2.44000,
,,,20.380000000000,  -2.46000,
,,,20.390000000000,  -2.50000,
,,,20.400000000000,  -2.50000,
,,,20.410000000000,  -2.44000,
,,,20.420000000000,  -2.44000,
,,,20.430000000000,  -2.48000,
,,,20.440000000000,  -2.50000,
,,,20.450000000000,  -2.50000,
,,,20.460000000000,  -2.44000,
,,,20.470000000000,  -2.46000,
,,,20.480000000000,  -2.46000,
,,,20.490000000000,  -2.50000,
,,,20.500000000000,  -2.52000,
,,,20.510000000000,  -2.44000,
,,,20.520000000000,  -2.44000,
,,,20.530000000000,  -2.48000,
,,,20.540000000000,  -2.48000,
,,,20.550000000000,  -2.50000,
,,,20.560000000000,  -2.44000,
,,,20.570000000000,  -2.46000,
,,,20.580000000000,  -2.48000,
,,,20.590000000000,  -2.50000,
,,,20.600000000000,  -2.52000,
,,,20.610000000000,  -2.46000,
,,,20.620000000000,  -2.44000,
,,,20.630000000000,  -2.48000,
,,,20.640000000000,  -2.50000,
,,,20.650000000000,  -2.50000,
,,,20.660000000000,  -2.46000,
,,,20.670000000000,  -2.46000,
,,,20.680000000000,  -2.48000,
,,,20.690000000000,  -2.50000,
,,,20.700000000000,  -2.52000,
,,,20.710000000000,  -2.46000,
,,,20.720000000000,  -2.44000,
,,,20.730000000000,  -2.46000,
,,,20.740000000000,  -2.50000,
,,,20.750000000000,  -2.52000,
,,,20.760000000000,  -2.44000,
,,,20.770000000000,  -2.46000,
,,,20.780000000000,  -2.50000,
,,,20.790000000000,  -2.50000,
,,,20.800000000000,  -2.52000,
,,,20.810000000000,  -2.44000,
,,,20.820000000000,  -2.44000,
,,,20.830000000000,  -2.50000,
,,,20.840000000000,  -2.50000,
,,,20.850000000000,  -2.52000,
,,,20.860000000000,  -2.46000,
,,,20.870000000000,  -2.44000,
,,,20.880000000000,  -2.46000,
,,,20.890000000000,  -2.50000,
,,,20.900000000000,  -2.52000,
,,,20.910000000000,  -2.44000,
,,,20.920000000000,  -2.44000,
,,,20.930000000000,  -2.48000,
,,,20.940000000000,  -2.50000,
,,,20.950000000000,  -2.52000,
,,,20.960000000000,  -2.46000,
,,,20.970000000000,  -2.46000,
,,,20.980000000000,  -2.48000,
,,,20.990000000000,  -2.50000,
,,,21.000000000000,  -2.52000,
,,,21.010000000000,  -2.48000,
,,,21.020000000000,  -2.44000,
,,,21.030000000000,  -2.48000,
,,,21.040000000000,  -2.50000,
,,,21.050000000000,  -2.50000,
,,,21.060000000000,  -2.46000,
,,,21.070000000000,  -2.44000,
,,,21.080000000000,  -2.48000,
,,,21.090000000000,  -2.50000,
,,,21.100000000000,  -2.52000,
,,,21.110000000000,  -2.46000,
,,,21.120000000000,  -2.44000,
,,,21.130000000000,  -2.48000,
,,,21.140000000000,  -2.50000,
,,,21.150000000000,  -2.52000,
,,,21.160000000000,  -2.46000,
,,,21.170000000000,  -2.44000,
,,,21.180000000000,  -2.48000,
,,,21.190000000000,  -2.50000,
,,,21.200000000000,  -2.52000,
,,,21.210000000000,  -2.44000,
,,,21.220000000000,  -2.44000,
,,,21.230000000000,  -2.48000,
,,,21.240000000000,  -2.50000,
,,,21.250000000000,  -2.52000,
,,,21.260000000000,  -2.46000,
,,,21.270000000000,  -2.44000,
,,,21.280000000000,  -2.48000,
,,,21.290000000000,  -2.48000,
,,,21.300000000000,  -2.52000,
,,,21.310000000000,  -2.44000,
,,,21.320000000000,  -2.46000,
,,,21.330000000000,  -2.48000,
,,,21.340000000000,  -2.50000,
,,,21.350000000000,  -2.52000,
,,,21.360000000000,  -2.46000,
,,,21.370000000000,  -2.44000,
,,,21.380000000000,  -2.46000,
,,,21.390000000000,  -2.48000,
,,,21.400000000000,  -2.52000,
,,,21.410000000000,  -2.46000,
,,,21.420000000000,  -2.44000,
,,,21.430000000000,  -2.48000,
,,,21.440000000000,  -2.50000,
,,,21.450000000000,  -2.52000,
,,,21.460000000000,  -2.44000,
,,,21.470000000000,  -2.44000,
,,,21.480000000000,  -2.48000,
,,,21.490000000000,  -2.50000,
,,,21.500000000000,  -2.52000,
,,,21.510000000000,  -2.44000,
,,,21.520000000000,  -2.44000,
,,,21.530000000000,  -2.50000,
,,,21.540000000000,  -2.50000,
,,,21.550000000000,  -2.52000,
,,,21.560000000000,  -2.46000,
,,,21.570000000000,  -2.48000,
,,,21.580000000000,  -2.48000,
,,,21.590000000000,  -2.50000,
,,,21.600000000000,  -2.52000,
,,,21.610000000000,  -2.46000,
,,,21.620000000000,  -2.46000,
,,,21.630000000000,  -2.46000,
,,,21.640000000000,  -2.48000,
,,,21.650000000000,  -2.52000,
,,,21.660000000000,  -2.48000,
,,,21.670000000000,  -2.44000,
,,,21.680000000000,  -2.46000,
,,,21.690000000000,  -2.48000,
,,,21.700000000000,  -2.52000,
,,,21.710000000000,  -2.46000,
,,,21.720000000000,  -2.44000,
,,,21.730000000000,  -2.46000,
,,,21.740000000000,  -2.50000,
,,,21.750000000000,  -2.52000,
,,,21.760000000000,  -2.46000,
,,,21.770000000000,  -2.44000,
,,,21.780000000000,  -2.46000,
,,,21.790000000000,  -2.50000,
,,,21.800000000000,  -2.52000,
,,,21.810000000000,  -2.44000,
,,,21.820000000000,  -2.44000,
,,,21.830000000000,  -2.48000,
,,,21.840000000000,  -2.50000,
,,,21.850000000000,  -2.52000,
,,,21.860000000000,  -2.46000,
,,,21.870000000000,  -2.44000,
,,,21.880000000000,  -2.50000,
,,,21.890000000000,  -2.50000,
,,,21.900000000000,  -2.52000,
,,,21.910000000000,  -2.44000,
,,,21.920000000000,  -2.44000,
,,,21.930000000000,  -2.46000,
,,,21.940000000000,  -2.50000,
,,,21.950000000000,  -2.52000,
,,,21.960000000000,  -2.44000,
,,,21.970000000000,  -2.44000,
,,,21.980000000000,  -2.48000,
,,,21.990000000000,  -2.50000,
,,,22.000000000000,  -2.54000,
,,,22.010000000000,  -2.46000,
,,,22.020000000000,  -2.44000,
,,,22.030000000000,  -2.48000,
,,,22.040000000000,  -2.50000,
,,,22.050000000000,  -2.52000,
,,,22.060000000000,  -2.46000,
,,,22.070000000000,  -2.44000,
,,,22.080000000000,  -2.48000,
,,,22.090000000000,  -2.50000,
,,,22.100000000000,  -2.52000,
,,,22.110000000000,  -2.46000,
,,,22.120000000000,  -2.44000,
,,,22.130000000000,  -2.48000,
,,,22.140000000000,  -2.50000,
,,,22.150000000000,  -2.52000,
,,,22.160000000000,  -2.46000,
,,,22.170000000000,  -2.44000,
,,,22.180000000000,  -2.48000,
,,,22.190000000000,  -2.48000,
,,,22.200000000000,  -2.54000,
,,,22.210000000000,  -2.46000,
,,,22.220000000000,  -2.44000,
,,,22.230000000000,  -2.48000,
,,,22.240000000000,  -2.50000,
,,,22.250000000000,  -2.52000,
,,,22.260000000000,  -2.46000,
,,,22.270000000000,  -2.44000,
,,,22.280000000000,  -2.50000,
,,,22.290000000000,  -2.50000,
,,,22.300000000000,  -2.52000,
,,,22.310000000000,  -2.46000,
,,,22.320000000000,  -2.44000,
,,,22.330000000000,  -2.48000,
,,,22.340000000000,  -2.50000,
,,,22.350000000000,  -2.52000,
,,,22.360000000000,  -2.48000,
,,,22.370000000000,  -2.44000,
,,,22.380000000000,  -2.48000,
,,,22.390000000000,  -2.48000,
